{"Exact": [3.561432494418346, 1.5489087461001327, 0.3119433567326304, -0.48927852045941256, -1.0267898933161703, -1.395889378326487, -1.6531169519401292, -1.833659936082524, -1.9601936448939299, -2.0478301649530586, -2.106996915095279, -2.145110647186214, -2.1675605441340484, -2.178313632880392, -2.1803166143238624, -2.175780432219576, -2.166387448634765, -2.153441031344381, -2.137970526843621, -2.1208025757864326, -2.102608480955425, -2.0839356356450685, -2.0652289632712892, -2.0468463498571574, -2.029070493591963, -2.0121185477377277, -1.9961503255188089, -1.981275527979965, -1.967560309920376, -1.9550334153019686, -1.9436920386881231, -1.9335074875049285, -1.9244306381367207, -1.9163971121610528, -1.9093320600426362, -1.9031544330389991, -1.8977806459898725, -1.8931275741774236, -1.8891148747139386, -1.885666666642703, -1.8827126374318472, -1.8801886640651673, -1.8780370449649055, -1.8762064369466938, -1.8746515824858974, -1.8733328998324121, -1.8722159944241157, -1.871271136357064, -1.8704727364209424, -1.8697988429001626, -1.8692306730952384, -1.8687521872148736, -1.8683497076851225, -1.868011583726499, -1.8677278989712194, -1.8674902186658466], "GFRO": [1.3047114062564464, -0.5212736870441681, -1.555132777740524, -2.1728298497890073, -2.5240286848336204, -2.7199128301005935, -2.8648698825178966, -2.9200470234103006, -2.9434958961251656, -2.9572236626572925, -2.921196919717448, -2.895262436058069, -2.877567599406949, -2.8500776869127575, -2.822174374852211, -2.7909654382351934, -2.769730493011841, -2.75266181309667, -2.723773168904675, -2.6984826504152397, -2.672483209300182, -2.642548472341205, -2.626678179560806, -2.5899333861121483, -2.5584235592415396, -2.536842188916081, -2.515956668649507, -2.4951689863166457, -2.474765663932132, -2.454177040910254, -2.43446381736302, -2.4155007417711336, -2.3951305560182576, -2.379223518172433, -2.3620129252336928, -2.3455380737295295, -2.328772412761721, -2.312745323996405, -2.299663087276421, -2.286445552191336, -2.2736163095246638, -2.261828082029926, -2.2502679596256474, -2.239244833099282, -2.228572336861368, -2.2184249962211946, -2.208809042052727, -2.1995807443893733, -2.190721969867824, -2.1822485477820868, -2.1740373321449895, -2.1662203125542123, -2.158646991508433, -2.1513926215975907, -2.1444248181375727, -2.137747049494531], "Fluid GFRO": [3.164215459830431, 1.0049944561589, -0.37424598744546245, -1.0938397042455517, -1.4807868614089585, -1.8488667949404105, -2.122527439206573, -2.307323963028849, -2.39619162414951, -2.5634717794453072, -2.6105436035005387, -2.583314116313844, -2.6010421731476954, -2.6063051722457886, -2.619885523441714, -2.6332467602222422, -2.605433610817695, -2.5861852975470296, -2.557237928640452, -2.5259579375497836, -2.500288230106757, -2.475075311366761, -2.4634738140317354, -2.422409133387982, -2.388203136639525, -2.3647550761383096, -2.3409931671652293, -2.3170000973547045, -2.294551200958908, -2.2695304759407775, -2.247786960240707, -2.229186749713676, -2.1999050347862767, -2.187749968254179, -2.1663031003868785, -2.1472445575406063, -2.1276399410063145, -2.1116543558864027, -2.096064115309933, -2.0807925399249223, -2.065706232576733, -2.0521100953073823, -2.03904156788123, -2.026937326941886, -2.0152864224748352, -2.004329362682763, -1.9941966760638967, -1.984688037638366, -1.9757858526314125, -1.967720427172215, -1.959760363948863, -1.9524466702286654, -1.9456589507667446, -1.9392368523502406, -1.9332892532871768, -1.9273841923052]}