{"No Partitioning": [0.15748213479836282, -0.3122699027007909, -0.6018037107656868, -0.789269392404413, -0.914149704627083, -0.9984155960160166, -1.0551597944706206, -1.0926299067451053, -1.1162860068695395, -1.129904784322913, -1.1361894540659216, -1.1371170673457298, -1.1341476666770944, -1.1283618784581098, -1.1205602812999866, -1.1113394177361489, -1.1011503302326184, -1.0903421765127619, -1.0791929449690756, -1.0679296589128588, -1.056740746305258, -1.0457831445498003, -1.0351862664342544, -1.0250543624687878, -1.015468249288245, -1.0064869318291225, -0.998149353471409, -0.9904763409366251, -0.9834727290331724, -0.9771296161660865, -0.9714266884583411, -0.9663345447803088, -0.961816952792581, -0.9578329678685776, -0.9543388539987276, -0.9512897588020877, -0.9486411121761853, -0.946349737325612, -0.9443746811197433, -0.9426777856962747, -0.9412240336932617, -0.9399817052005894, -0.9389223859872748, -0.9380208647377859, -0.937254953009629, -0.9366052564161926, -0.9360549199556065, -0.9355893650259977, -0.935196030847474, -0.9348641289302553, -0.9345844159367672, -0.9343489877473077, -0.9341510956709355, -0.9339849844401322, -0.933845750779156, -0.9337292208393846], "LR F(M, 2)": [-0.021477592097717713, -0.49162099364161116, -0.7816218337719816, -0.9696165622599651, -1.095067365970322, -1.1799179135800153, -1.2372285071023166, -1.2752117050079554, -1.2992926654717063, -1.3132155415781186, -1.319654656147362, -1.320562006700601, -1.3173757948560425, -1.3111570034182505, -1.3026877835997868, -1.2925468103283408, -1.281167603234793, -1.2688823440543113, -1.2559531094478078, -1.2425927867164202, -1.2289782433832646, -1.2152582418168592, -1.2015581697367488, -1.1879830790144483, -1.1746199618329853, -1.1615397482675145, -1.1487992139710592, -1.1364428241836346, -1.1245044732988956, -1.1130090690720267, -1.1019739270794455, -1.0914099648594213, -1.0813227060198962, -1.0717131184840976, -1.0625783175410057, -1.0539121647879066, -1.0457057902910978, -1.0379480592253985, -1.0306259974625704, -1.023725184229586, -1.0172301148009615, -1.0111245325909808, -1.0053917280252969, -1.000014801021461, -0.9949768844762171, -0.9902613274634429, -0.9858518385131647, -0.9817325910427296, -0.977888294497936, -0.9743042358750148, -0.9709662969598566, -0.9678609528358292, -0.9649752570265614, -0.962296818139231, -0.9598137721561278, -0.9575147536870076], "GFRO F(M, 2)": [0.006202299266138134, -0.46427712713824043, -0.7546462790989785, -0.9430281255787798, -1.0688768222911278, -1.1541345402196306, -1.2118665039645617, -1.250942070419394, -1.2758193734653294, -1.290152137526, -1.2966483173948469, -1.2979229876111456, -1.295477182140127, -1.2900724005393929, -1.2824857374603558, -1.2732872500751378, -1.2628992348493897, -1.2516410335871089, -1.2397611018528818, -1.2274588216553066, -1.214898176613074, -1.202216218889039, -1.1895280768589986, -1.1769302129500245, -1.164502742987723, -1.1523114388804443, -1.1404094949330192, -1.1288392516983927, -1.1176337389848854, -1.1068180357219974, -1.0964104693287136, -1.0864236300205805, -1.076865145769282, -1.0677384538716768, -1.0590432724981507, -1.0507762123082167, -1.042931130413853, -1.0354995834743534, -1.0284712147775343, -1.0218341482339157, -1.0155752129367983, -1.009680474568287, -1.0041353763158525, -0.9989250427775593, -0.9940345072189373, -0.989448912258007, -0.9851536529047228, -0.9811344451151783, -0.977377476992916, -0.9738693843072442, -0.970597267558768, -0.967548759947304, -0.9647119887941374, -0.9620755020367897, -0.9596283027721318, -0.9573597871428191], "LR F(M, 2) + Spin": [0.004871105701697687, -0.4655305387206732, -0.7558170910677215, -0.9441167240132513, -1.0698882043806743, -1.155077386183823, -1.2127519933138489, -1.2511358428412125, -1.2756670928209157, -1.2901023289380302, -1.2971256988921578, -1.298694992628639, -1.2962495093040594, -1.2908466895415343, -1.2832611029558778, -1.2740607281685388, -1.2636663181913985, -1.252396228498995, -1.2404985328501024, -1.228172650815487, -1.2155830492994102, -1.2028675205622008, -1.1901421282258964, -1.177504337352841, -1.1650352813988687, -1.152801672784493, -1.1408575670058971, -1.1292460260202444, -1.1180006575559975, -1.1071469943097418, -1.0967036906070502, -1.086683534820448, -1.0770942936334058, -1.067939415328288, -1.0592186234144378, -1.050928430508765, -1.0430625973540173, -1.0356125550504076, -1.0285678014868602, -1.0219162766576453, -1.0156447166873386, -1.0097389832325114, -1.0041843634553966, -0.9989658357343927, -0.9940682973258178, -0.9894767519124167, -0.9851764569757264, -0.9811530328822979, -0.9773925372350916, -0.9738815092615852, -0.9706069897281572, -0.967556522096703, -0.9647181404377865, -0.9620803490802153, -0.9596320982179534, -0.9573627588181486], "GFRO F(M, 2) + Spin": [0.006202302160481121, -0.4642771182818872, -0.7546462766100555, -0.9430281236374305, -1.0688768158944078, -1.1541345388098858, -1.2118665036305667, -1.2502952539842052, -1.274858886723469, -1.2893149968712223, -1.2963496119499727, -1.2979229854470078, -1.2954771816022073, -1.2900723982670024, -1.2824857349544052, -1.2732872488447642, -1.262899232598117, -1.2516410181128497, -1.239761101851164, -1.2274588216553066, -1.2148981759091266, -1.2022162144667101, -1.1895280768589982, -1.1769302073120353, -1.164502742987723, -1.1523114331906332, -1.1404094925784614, -1.1288392501643274, -1.1176337329511035, -1.1068180292239704, -1.096410464581198, -1.0864236132145775, -1.0768651429079805, -1.0677384502548628, -1.0590432720396565, -1.0507762119135524, -1.042931130413853, -1.0354995798445057, -1.0284712147753903, -1.0218341258196593, -1.0155752088937031, -1.0096804693884494, -1.0041353739123844, -0.9989250387694377, -0.9940345035577447, -0.9894489122580068, -0.9851536529047225, -0.9811344430532111, -0.9773774723501473, -0.9738693677997771, -0.9705972607282479, -0.9675487565927985, -0.9647119887941374, -0.9620754997346849, -0.9596282959088569, -0.9573597783495884], "LR: All Fock Space": [-2.0422380212513107, -2.6669770168516727, -3.1125330531262385, -3.44874710428195, -3.7100644451759974, -3.9159885708718343, -4.078859743195994, -4.207196888695503, -4.3073121511651165, -4.384166132010895, -4.4418342777932365, -4.483751429242201, -4.512831546880385, -4.531527553370584, -4.541872416364208, -4.5455222999446585, -4.543807569702652, -4.537788808762161, -4.5283119978468935, -4.516057660299364, -4.501581005596439, -4.4853424263116475, -4.467729356291443, -4.449071312590778, -4.429650082412279, -4.409706749493409, -4.389446825572007, -4.3690443243879695, -4.348645269263197, -4.328370882872969, -4.308320558832191, -4.288574635848016, -4.269196962330492, -4.25023723295764, -4.231733085072017, -4.213711953431309, -4.196192692079097, -4.179186979837277, -4.162700530591004, -4.14673413140395, -4.131284531211977, -4.11634520112204, -4.101906984853964, -4.0879586551253375, -4.074487389155025, -4.0614791741608265, -4.0489191518397005, -4.036791909351359, -4.025081723224461, -4.0137727617957175, -4.002849251193086, -3.992295609412745, -3.982096552657251, -3.972237177758952, -3.962703024183304, -3.9534801187799844],