{"No Partitioning": [0.15748213479836282, -0.914149704627083, -1.116286006869538, -1.1341476666770944, -1.1011503302326184, -1.056740746305258, -1.015468249288245, -0.9834727290331728, -0.9618169527925804, -0.9486411121761864, -0.9412240336932618, -0.937254953009629, -0.9351960308474736, -0.9341510956709366], "LR F(M, 2)": [-0.02147759209771305, -1.095067365970322, -1.2992926654717052, -1.3173757948560405, -1.2811676032347898, -1.2289782433832634, -1.1746199618329847, -1.1245044732988934, -1.0813227060198942, -1.0457057902910964, -1.0172301148009595, -0.9949768844762161, -0.9778882944979341, -0.9649752570265605], "GFRO F(M, 2)": [0.006202302650091696, -1.068876819705471, -1.2758193741626789, -2.199540447413917, -1.262899235858221, -1.21489817818669, -1.1645027456365864, -1.1176337358001942, -1.7561290745897304, -1.0429311385933078, -1.015575206309527, -0.9940345070160346, -0.9773774726145464, -0.9647119982378267], "LR F(M, 2) + Spin": [0.004871105701699685, -1.0698882043806723, -1.2756670928209148, -1.2962495093040574, -1.2636663181913954, -1.215583049299409, -1.165035281398868, -1.1180006575559953, -1.0770942936334036, -1.043062597354016, -1.0156447166873366, -0.9940682973258167, -0.9773925372350896, -0.9647181404377858], "GFRO F(M, 2) + Spin": [0.006202303389481578, -1.068876818764109, -1.2748588869004618, -2.199540447413917, -1.2628992347961114, -1.2148981775598513, -1.1645027430205521, -1.117633734237781, -1.756129071609016, -1.0429311335403533, -1.0155752063095265, -0.9940345070160344, -0.9773774726145464, -0.9647119901729216], "LR: All Fock Space": [-2.0422380212513107, -3.710064445175997, -4.307312151165115, -4.512831546880385, -4.543807569702652, -4.501581005596439, -4.429650082412282, -4.348645269263196, -4.269196962330492, -4.196192692079098, -4.131284531211977, -4.074487389155027, -4.02508172322446, -3.98209655265725], "GFRO: All Fock Space": [-2.063349613095202, -3.7250304931262583, -4.31865616670072, -4.525022716476457, -4.559301297866417, -4.520312004594529, -4.450417870407783, -4.37193719710862, -4.29280877735249, -4.21853179138719, -4.151320693892803, -4.091646618748053, -4.039162709264829, -3.993194711666581]}