{"No Partitioning": [0.15748213479836282, -0.6018037107656872, -0.9141497046270841, -1.055159794470622, -1.116286006869538, -1.1361894540659216, -1.1341476666770962, -1.120560281299986, -1.1011503302326184, -1.079192944969074, -1.0567407463052565, -1.0351862664342544, -1.0154682492882454, -0.9981493534714099, -0.9834727290331726, -0.9714266884583402, -0.9618169527925803, -0.9543388539987272, -0.9486411121761862, -0.944374681119742, -0.9412240336932624, -0.9389223859872745, -0.9372549530096295, -0.9360549199556047, -0.9351960308474736, -0.9345844159367672, -0.9341510956709367, -0.9338457507791554], "LR F(M, 2)": [-0.02147759209771305, -0.7816218337719676, -1.0950673659703183, -1.2372285071023135, -1.2992926654717052, -1.3196546561473586, -1.3173757948560414, -1.3026877835997852, -1.28116760323479, -1.2559531094478051, -1.2289782433832646, -1.2015581697367463, -1.1746199618329842, -1.148799213971057, -1.1245044732988934, -1.1019739270794429, -1.0813227060198933, -1.0625783175410015, -1.0457057902910973, -1.030625997462568, -1.0172301148009617, -1.0053917280252953, -0.9949768844762166, -0.9858518385131633, -0.9778882944979325, -0.9709662969598544, -0.9649752570265605, -0.9598137721561255], "GFRO F(M, 2)": [0.006202302650091696, -0.7546462823269191, -2.0939902136288877, -2.2070657942182494, -1.2758193741626789, -1.2966483171049956, -1.2954771852928864, -1.2824857362125903, -1.262899237182805, -1.2397611029324096, -1.214898178715533, -1.189528078248031, -1.164502750220922, -1.1404094911814175, -1.8299652898146992, -1.096410469279454, -1.0768651496892392, -1.0590432817580724, -1.0429311289609575, -1.0284712278530816, -1.0155752088099799, -1.0041353853013488, -0.9940345086823621, -0.985153646242074, -1.5683549548391214, -0.970597262869404, -1.5411052921754158, -0.9596282952124133], "LR F(M, 2) + Spin": [0.004871105701699685, -0.7558170910677184, -1.0698882043806708, -1.2127519933138475, -1.2756670928209148, -1.2971256988921551, -1.296249509304058, -1.2832611029558763, -1.2636663181913959, -1.2404985328501001, -1.21558304929941, -1.1901421282258942, -1.1650352813988678, -1.1408575670058951, -1.1180006575559953, -1.0967036906070475, -1.0770942936334027, -1.0592186234144336, -1.0430625973540169, -1.0285678014868578, -1.015644716687339, -1.004184363455395, -0.9940682973258173, -0.985176456975725, -0.9773925372350881, -0.9706069897281553, -0.9647181404377856, -0.9596320982179509], "GFRO F(M, 2) + Spin": [0.006202303389481578, -0.7546462805094509, -2.0939902136288877, -2.2070657942182494, -1.2748588869004618, -1.2963496115598412, -1.2954771791324475, -1.2824857339854523, -1.2628992288039318, -1.2397611018067587, -1.2148981760767277, -1.189528078248031, -1.164502746248703, -1.1404094892561933, -1.8299652898146992, -1.096410469279454, -1.076865146111823, -1.0590432650958357, -1.0429311289609575, -1.0284712157605131, -1.0155752067467276, -1.0041353718968558, -0.9940345038143484, -0.9851536455062275, -1.5683549548391214, -0.9705972617343054, -0.9647119880122517, -0.9596282908143541], "LR: All Fock Space": [-2.0422380212513107, -3.1125330531262154, -3.710064445175989, -4.078859743195991, -4.307312151165115, -4.441834277793234, -4.512831546880385, -4.541872416364207, -4.543807569702654, -4.528311997846893, -4.50158100559644, -4.467729356291443, -4.4296500824122775, -4.389446825572006, -4.348645269263196, -4.308320558832191, -4.269196962330492, -4.231733085072015, -4.196192692079099, -4.162700530591005, -4.131284531211979, -4.101906984853964, -4.074487389155028, -4.0489191518397005, -4.02508172322446, -4.002849251193086, -3.98209655265725, -3.9627030241833037], "GFRO: All Fock Space": [-2.063349613095202, -3.1305782648391336, -3.725030488866876, -4.091451517608129, -4.31865616670072, -4.453117643225591, -4.525022713373506, -4.555587145123596, -4.559301282267588, -4.545545557703206, -4.520312013213795, -4.4875996998928365, -4.450417866972487, -4.411786281412739, -4.3719371967318, -4.332010553323481, -4.29280877753671, -4.254869864396813, -4.218531803085356, -4.183986172302169, -4.151320687034525, -4.12055141562611, -4.091646617506299, -4.064543999654471, -4.039162713957095, -4.015411606748466, -3.993194716950545, -3.972414733437013]}