{"No Partitioning": [0.15748213479836282, -0.3122699027007909, -0.6018037107656868, -0.789269392404413, -0.9141497046270826, -0.9984155960160166, -1.0551597944706224, -1.0926299067451066, -1.1162860068695393, -1.129904784322913, -1.1361894540659216, -1.1371170673457285, -1.1341476666770949, -1.1283618784581098, -1.1205602812999866, -1.1113394177361495, -1.1011503302326182, -1.0903421765127617, -1.0791929449690756, -1.0679296589128586, -1.056740746305257, -1.0457831445498003, -1.0351862664342542, -1.0250543624687887, -1.0154682492882459, -1.0064869318291207, -0.998149353471409, -0.9904763409366257, -0.9834727290331725, -0.9771296161660864, -0.9714266884583405, -0.9663345447803086, -0.9618169527925803, -0.9578329678685776, -0.9543388539987274, -0.9512897588020868, -0.9486411121761855, -0.946349737325612, -0.9443746811197422, -0.9426777856962745, -0.9412240336932617, -0.9399817052005899, -0.9389223859872748, -0.9380208647377852, -0.9372549530096286, -0.936605256416192, -0.9360549199556056, -0.9355893650259977, -0.9351960308474736, -0.9348641289302551, -0.9345844159367678, -0.9343489877473072, -0.9341510956709355, -0.9339849844401327, -0.933845750779156, -0.9337292208393846], "LR F(M, 2)": [-0.02147759209771305, -0.4916209936416114, -0.7816218337719811, -0.969616562259962, -1.0950673659703225, -1.1799179135800117, -1.2372285071023157, -1.2752117050079543, -1.2992926654717054, -1.313215541578117, -1.3196546561473594, -1.3205620067005999, -1.3173757948560427, -1.3111570034182465, -1.3026877835997865, -1.2925468103283397, -1.2811676032347905, -1.268882344054309, -1.2559531094478038, -1.2425927867164184, -1.228978243383264, -1.215258241816858, -1.2015581697367488, -1.187983079014446, -1.1746199618329844, -1.1615397482675118, -1.1487992139710568, -1.1364428241836346, -1.1245044732988934, -1.1130090690720236, -1.1019739270794437, -1.0914099648594195, -1.0813227060198944, -1.0717131184840947, -1.0625783175410044, -1.0539121647879037, -1.0457057902910953, -1.0379480592253967, -1.030625997462568, -1.0237251842295847, -1.0172301148009608, -1.0111245325909801, -1.0053917280252958, -1.00001480102146, -0.9949768844762157, -0.9902613274634422, -0.9858518385131642, -0.9817325910427281, -0.977888294497933, -0.9743042358750137, -0.9709662969598553, -0.9678609528358287, -0.9649752570265608, -0.9622968181392301, -0.959813772156126, -0.9575147536870063], "GFRO F(M, 2)": [0.006202302650091696, -0.46843855764911146, -0.7632711415718403, -0.9561330239190038, -1.0862114708595219, -1.1752225967874836, -1.2360625807123717, -1.2768502051280242, -1.3029850365885955, -1.3182443268546369, -1.3253801542409922, -1.3269535286116174, -1.3245077240804746, -1.3191029450022889, -1.311516278109289, -1.3023177886462256, -1.2628992329000994, -1.251641022137591, -1.2397611019689667, -1.2274588186974933, -1.214898175778004, -1.2022162167382662, -1.1895280767883067, -1.1769302097414254, -1.9157956281953274, -1.893283375302015, -1.1404094916321261, -1.129272610757447, -1.117633743493534, -1.1076201893540931, -1.0981732275695035, -1.0892885857271326, -1.0809578429195306, -1.081706202043332, -1.0744455604818095, -1.0676963712870509, -1.0614404410788028, -1.055658135902628, -1.0284712240714806, -1.0218341306318244, -1.0155752066613057, -1.0096804824742562, -1.0059395685125494, -1.002538543813358, -0.999454680573685, -0.9966656866158617, -0.9941498784460759, -0.9918863185056389, -0.9898549294938368, -0.9880365760140462, -0.9864131226170623, -0.9675487697393039, -0.9662648523529459, -0.9651276603898375, -0.9641232034062874, -0.9632384916509024], "LR F(M, 2) + Spin": [0.004871105701699685, -0.4655305387206712, -0.7558170910677202, -0.9441167240132484, -1.0698882043806728, -1.1550773861838195, -1.2127519933138466, -1.251135842841212, -1.275667092820915, -1.2901023289380287, -1.2971256988921551, -1.2986949926286369, -1.2962495093040591, -1.2908466895415303, -1.2832611029558776, -1.2740607281685377, -1.2636663181913963, -1.2523962284989925, -1.2404985328500986, -1.2281726508154858, -1.2155830492994095, -1.2028675205621997, -1.1901421282258962, -1.1775043373528389, -1.165035281398868, -1.1528016727844903, -1.1408575670058945, -1.1292460260202444, -1.1180006575559953, -1.1071469943097387, -1.0967036906070482, -1.0866835348204462, -1.0770942936334038, -1.067939415328285, -1.0592186234144365, -1.050928430508762, -1.0430625973540149, -1.035612555050406, -1.0285678014868578, -1.0219162766576437, -1.015644716687338, -1.009738983232511, -1.0041843634553955, -0.9989658357343918, -0.9940682973258163, -0.989476751912416, -0.985176456975726, -0.9811530328822965, -0.9773925372350883, -0.9738815092615845, -0.9706069897281558, -0.9675565220967024, -0.9647181404377859, -0.9620803490802143, -0.9596320982179514, -0.9573627588181473], "GFRO F(M, 2) + Spin": [0.006202303389481578, -0.4684385569097216, -0.7632711408324504, -0.9561330229771612, -1.0862114699176793, -1.1752225957009999, -1.236062579625888, -1.2768502040415404, -1.3029850355021118, -1.3182443256364216, -1.325380153022777, -1.3269535273867252, -1.324507722713297, -1.3191029436242618, -1.3115162766554163, -1.302317787192353, -1.2628992329000994, -1.251641022137591, -1.239761101909528, -1.2274588186380546, -1.2148981757185653, -1.2022162165118542, -1.1895280764786365, -1.1769302096761558, -1.9157956281953274, -1.893283375302015, -1.1404094915668566, -1.1292726106921773, -1.1176337321735936, -1.1076201780341515, -1.0981732161149191, -1.0892885742478442, -1.0809578314373856, -1.073169295667866, -1.06590865406133, -1.0591594646975682, -1.05290353448932, -1.047121229313145, -1.0284712240714806, -1.0218341288554456, -1.0155752066550785, -1.0096804705958113, -1.0059395566341045, -1.0025385316959061, -0.9994546684562331, -0.996665674384263, -0.9941498653612421, -0.991886305420805, -0.9898549164090029, -0.9880365629292123, -0.9864131092906534, -0.9675487632721963, -0.9662648458858383, -0.9651276538723641, -0.9641231968093601, -0.963238485053975], "LR: All Fock Space": [-2.0422380212513107, -2.6669770168516727, -3.112533053126238, -3.44874710428195, -3.710064445176001, -3.9159885708718347, -4.0788597431959985, -4.207196888695499, -4.30731215116512, -4.384166132010895, -4.4418342777932365, -4.483751429242206, -4.512831546880385, -4.531527553370584, -4.541872416364208, -4.545522299944655, -4.543807569702652, -4.53778880876216, -4.5283119978468935, -4.5160576602993645, -4.501581005596439, -4.4853424263116475, -4.4677293562914455, -4.449071312590781, -4.429650082412279, -4.409706749493407, -4.389446825572007, -4.36904432438797, -4.348645269263196, -4.328370882872969, -4.3083205588321905, -4.288574635848016, -4.269196962330491, -4.250237232957639, -4.231733085072016, -4.213711953431309, -4.196192692079096, -4.179186979837277, -4.162700530591004, -4.14673413140395, -4.131284531211977, -4.116345201122041, -4.101906984853964, -4.087958655125336, -4.074487389155028, -4.061479174160826, -4.048919151839702, -4.036791909351359, -4.025081723224459, -4.013772761795717, -4.002849251193087, -3.992295609412743, -3.982096552657251, -3.9722371777589522, -3.962703024183304, -3.953480118779984],