{"No Partitioning": [0.15748213479836282, -0.3122699027007909, -0.6018037107656868, -0.789269392404413, -0.914149704627083, -0.9984155960160166, -1.0551597944706206], "LR F(M, 2)": [-0.02147759209771638, -0.4916209936416056, -0.7816218337719814, -0.9696165622599631, -1.0950673659703165, -1.1799179135800126, -1.237228507102313], "GFRO F(M, 2)": [0.006202302163313744, -0.4642771192474038, -0.7546462779432148, -0.9430281275394288, -1.0688768199356362, -1.154134539475796, -1.2118665033165459], "LR F(M, 2) + Spin": [0.004871105701696354, -0.4655305387206654, -0.7558170910677204, -0.9441167240132495, -1.069888204380667, -1.1550773861838204, -1.2127519933138449], "GFRO F(M, 2) + Spin": [0.006202303805758147, -0.4642771187551522, -0.7546462764131885, -0.9430281275394288, -1.068876819357199, -1.1541345386630888, -1.211866502916067], "LR: All Fock Space": [-2.0422380212513103, -2.666977016851673, -3.112533053126239, -3.4487471042819497, -3.7100644451759974, -3.915988570871835, -4.078859743195994], "GFRO: All Fock Space": [-2.063349614158946, -2.6866082585078006, -3.1305782635789856, -3.465204479847545, -3.725030486032693, -3.9296444698115875, -4.091451518729996]}