{"No Partitioning": [0.15748213479836282, -0.3122699027007909, -0.6018037107656868, -0.789269392404413, -0.914149704627083, -0.9984155960160166, -1.0551597944706206, -1.0926299067451053, -1.1162860068695395, -1.129904784322913, -1.1361894540659216, -1.1371170673457298, -1.1341476666770944, -1.1283618784581098, -1.1205602812999866, -1.1113394177361489, -1.1011503302326184, -1.0903421765127619, -1.0791929449690756, -1.0679296589128588, -1.056740746305258, -1.0457831445498003, -1.0351862664342544, -1.0250543624687878, -1.015468249288245, -1.0064869318291225, -0.998149353471409, -0.9904763409366251, -0.9834727290331724, -0.9771296161660865, -0.9714266884583411, -0.9663345447803088, -0.961816952792581, -0.9578329678685776, -0.9543388539987276, -0.9512897588020877, -0.9486411121761853, -0.946349737325612, -0.9443746811197433, -0.9426777856962747, -0.9412240336932617, -0.9399817052005894, -0.9389223859872748, -0.9380208647377859, -0.937254953009629, -0.9366052564161926, -0.9360549199556065, -0.9355893650259977, -0.935196030847474, -0.9348641289302553, -0.9345844159367672, -0.9343489877473077, -0.9341510956709355, -0.9339849844401322, -0.933845750779156, -0.9337292208393846], "LR F(M, 2)": [-0.02147759209771305, -0.4916209936416114, -0.7816218337719811, -0.969616562259962, -1.095067365970322, -1.1799179135800117, -1.2372285071023161, -1.2752117050079543, -1.2992926654717034, -1.313215541578117, -1.3196546561473594, -1.3205620067005979, -1.3173757948560405, -1.3111570034182465, -1.3026877835997865, -1.2925468103283386, -1.2811676032347898, -1.2688823440543084, -1.2559531094478038, -1.2425927867164188, -1.2289782433832634, -1.215258241816858, -1.2015581697367457, -1.1879830790144466, -1.1746199618329844, -1.1615397482675116, -1.1487992139710568, -1.1364428241836337, -1.1245044732988942, -1.1130090690720236, -1.1019739270794433, -1.09140996485942, -1.0813227060198936, -1.0717131184840962, -1.0625783175410037, -1.0539121647879048, -1.0457057902910964, -1.0379480592253967, -1.0306259974625682, -1.0237251842295858, -1.0172301148009608, -1.0111245325909806, -1.0053917280252958, -1.0000148010214596, -0.994976884476216, -0.9902613274634428, -0.9858518385131644, -0.9817325910427281, -0.9778882944979344, -0.9743042358750129, -0.9709662969598553, -0.9678609528358282, -0.9649752570265608, -0.9622968181392297, -0.9598137721561267, -0.9575147536870063], "GFRO F(M, 2)": [0.006202302707405183, -0.46427712075905236, -0.7546462772824112, -0.9430281274884575, -1.0688768182059412, -1.1541345389031503, -1.2118665049408024, -1.2509420689631414, -1.2758193732741026, -1.290152137792153, -1.2966483207652415, -1.2979229858032655, -1.2954771848465996, -1.2900724068151483, -1.2824857347200451, -1.2732872481553594, -1.262899234330775, -1.2516410220907985, -1.2397611076348767, -1.2274588244109874, -1.2148981813247985, -1.20221621508259, -1.1895280923066318, -1.1769302105072867, -1.1645027467507925, -1.152311436506979, -1.1404095020692993, -1.1288392552940498, -1.1176337377695797, -1.1068180307070905, -1.096410470207723, -1.0864236239612155, -1.07686514310019, -1.0677384445102744, -1.0590432836176524, -1.0507762141903167, -1.0429311357993822, -1.0354995832117315, -1.0284712185312768, -1.0218341280163565, -1.0155752062975252, -1.0096804747542403, -1.0041353770381671, -0.9989250395502118, -0.9940345070666285, -0.9894489249467238, -0.985153646836067, -0.9811344451677632, -0.9773774782465672, -0.9738693756309355, -0.9705972610626288, -0.9675487845793086, -0.9647119887105478, -0.9620755044450113, -0.9596282916899291, -0.9573597929426928], "LR F(M, 2) + Spin": [0.004871105701699685, -0.4655305387206712, -0.7558170910677202, -0.9441167240132484, -1.0698882043806723, -1.1550773861838195, -1.212751993313848, -1.2511358428412114, -1.275667092820913, -1.2901023289380287, -1.2971256988921551, -1.298694992628636, -1.2962495093040574, -1.2908466895415303, -1.2832611029558776, -1.2740607281685365, -1.2636663181913954, -1.252396228498992, -1.2404985328500986, -1.228172650815486, -1.215583049299409, -1.2028675205621997, -1.1901421282258933, -1.1775043373528393, -1.165035281398868, -1.15280167278449, -1.1408575670058945, -1.1292460260202435, -1.1180006575559962, -1.1071469943097387, -1.096703690607048, -1.0866835348204469, -1.0770942936334031, -1.0679394153282866, -1.0592186234144358, -1.0509284305087632, -1.0430625973540162, -1.035612555050406, -1.0285678014868578, -1.0219162766576448, -1.015644716687338, -1.0097389832325114, -1.0041843634553955, -0.9989658357343913, -0.9940682973258167, -0.9894767519124164, -0.9851764569757261, -0.9811530328822965, -0.9773925372350897, -0.9738815092615837, -0.9706069897281558, -0.9675565220967017, -0.9647181404377859, -0.9620803490802142, -0.9596320982179523, -0.9573627588181473], "GFRO F(M, 2) + Spin": [0.006202303523571651, -0.4642771198606015, -0.7546462772824112, -0.9430281259729134, -1.068876816721267, -1.1541345389031503, -1.2118665023601354, -1.2502952545199288, -1.2748588864699189, -1.2893149961975108, -1.2963496105415113, -1.2979229858032653, -1.2954771797719822, -1.2900724022251908, -1.2824857347200451, -1.273287247198773, -1.262899234330775, -1.2516410194066683, -1.239761101012183, -1.227458817871982, -1.2148981748765586, -1.20221621439612, -1.1895280790526073, -1.176930208282501, -1.164502746750792, -1.1523114365069789, -1.1404094927553623, -1.128839252056486, -1.1176337377695797, -1.106818030436841, -1.09641046880716, -1.0864236192978605, -1.0768651401725735, -1.0677384443171969, -1.0590432720688183, -1.050776211034798, -1.0429311293591725, -1.0354995824305604, -1.0284712181415243, -1.0218341280163565, -1.0155752023815525, -1.0096804747542403, -1.004135374648987, -0.9989250386429922, -0.9940345015717496, -0.9894489249467235, -0.985153646836067, -0.9811344441249684, -0.9773774697136984, -0.9738693697552888, -0.9705972571204313, -0.9675487597219151, -0.964711986984131, -0.9620754962819427, -0.9596282908791995, -0.9573597929426928], "LR: All Fock Space": [-2.0422380212513107, -2.6669770168516727, -3.112533053126238, -3.44874710428195, -3.710064445175997, -3.9159885708718347, -4.078859743195994, -4.207196888695503, -4.3073121511651165, -4.384166132010895, -4.4418342777932365, -4.483751429242201, -4.512831546880385, -4.531527553370584, -4.541872416364208, -4.5455222999446585, -4.543807569702652, -4.537788808762161, -4.5283119978468935, -4.516057660299364, -4.501581005596439, -4.4853424263116475, -4.467729356291443, -4.449071312590778, -4.429650082412279, -4.409706749493409, -4.389446825572007, -4.3690443243879695, -4.348645269263196, -4.328370882872969, -4.308320558832191, -4.288574635848016, -4.269196962330492, -4.250237232957641, -4.231733085072017, -4.213711953431309, -4.196192692079097, -4.179186979837277, -4.162700530591004, -4.14673413140395, -4.131284531211977, -4.11634520112204, -4.101906984853964, -4.0879586551253375, -4.074487389155025, -4.0614791741608265, -4.0489191518397005, -4.036791909351359, -4.025081723224461, -4.0137727617957175, -4.002849251193086, -3.992295609412744, -3.982096552657251, -3.972237177758952, -3.962703024183304, -3.953480118779984],