{"No Partitioning": [0.15748213479836282, -0.3122699027007909, -0.6018037107656868, -0.789269392404413, -0.914149704627083, -0.9984155960160166, -1.0551597944706206, -1.0926299067451053, -1.1162860068695395, -1.129904784322913, -1.1361894540659216, -1.1371170673457298, -1.1341476666770944, -1.1283618784581098, -1.1205602812999866, -1.1113394177361489, -1.1011503302326184, -1.0903421765127619, -1.0791929449690756, -1.0679296589128588, -1.056740746305258, -1.0457831445498003, -1.0351862664342544, -1.0250543624687878, -1.015468249288245, -1.0064869318291225, -0.998149353471409, -0.9904763409366251, -0.9834727290331724, -0.9771296161660865, -0.9714266884583411, -0.9663345447803088, -0.961816952792581, -0.9578329678685776, -0.9543388539987276, -0.9512897588020877, -0.9486411121761853, -0.946349737325612, -0.9443746811197433, -0.9426777856962747, -0.9412240336932617, -0.9399817052005894, -0.9389223859872748, -0.9380208647377859, -0.937254953009629, -0.9366052564161926, -0.9360549199556065, -0.9355893650259977, -0.935196030847474, -0.9348641289302553, -0.9345844159367672, -0.9343489877473077, -0.9341510956709355, -0.9339849844401322, -0.933845750779156, -0.9337292208393846], "LR F(M, 2)": [-0.02147759209771305, -0.4916209936416114, -0.7816218337719811, -0.969616562259962, -1.095067365970322, -1.1799179135800117, -1.2372285071023161, -1.2752117050079543, -1.2992926654717034, -1.313215541578117, -1.3196546561473594, -1.3205620067005979, -1.3173757948560405, -1.3111570034182465, -1.3026877835997865, -1.2925468103283386, -1.2811676032347898, -1.2688823440543084, -1.2559531094478038, -1.2425927867164188, -1.2289782433832634, -1.215258241816858, -1.2015581697367457, -1.1879830790144466, -1.1746199618329844, -1.1615397482675116, -1.1487992139710568, -1.1364428241836337, -1.1245044732988942, -1.1130090690720236, -1.1019739270794433, -1.09140996485942, -1.0813227060198936, -1.0717131184840962, -1.0625783175410037, -1.0539121647879048, -1.0457057902910964, -1.0379480592253967, -1.0306259974625682, -1.0237251842295858, -1.0172301148009608, -1.0111245325909806, -1.0053917280252958, -1.0000148010214596, -0.994976884476216, -0.9902613274634428, -0.9858518385131644, -0.9817325910427281, -0.9778882944979344, -0.9743042358750127, -0.9709662969598553, -0.9678609528358282, -0.9649752570265608, -0.9622968181392297, -0.9598137721561267, -0.9575147536870063], "GFRO F(M, 2)": [0.006202300852648168, -0.4642771199050384, -0.7546462803126515, -0.9430281293724425, -1.06887682218254, -1.1541345404726895, -1.2118665025833113, -1.2509420673890013, -1.2758193721107527, -1.2901521375174048, -1.2966483189046567, -1.2979229868275861, -1.2954771849221787, -1.2900724032791042, -1.2824857367878093, -1.2732872476460615, -1.2628992385754538, -1.251641024711308, -1.2397611033911573, -1.227458828045996, -1.2148981755191417, -1.2022162149107196, -1.189528078542212, -1.1769302142940823, -1.1645027435599127, -1.152311438785587, -1.1404095085097596, -1.1288392661752538, -1.1176337369535017, -1.1068180342445098, -1.0964104641813532, -1.0864236248115773, -1.076865147550033, -1.0677384481868186, -1.0590432904111533, -1.0507762139966281, -1.042931133945642, -1.0354995843422434, -1.0284712195628896, -1.0218341300601663, -1.0155752058870358, -1.0096804753061974, -1.0041353886882762, -0.9989250367577587, -0.9940345021896817, -0.9894489092792282, -0.9851536462145409, -0.9811344436219548, -0.9773774855838787, -0.9738693781893665, -0.9705972571869413, -0.9675487550842354, -0.9647119899244782, -0.9620754934955765, -0.9596282968178256, -0.9573598102526487], "LR F(M, 2) + Spin": [0.004871105701699685, -0.4655305387206712, -0.7558170910677202, -0.9441167240132484, -1.0698882043806723, -1.1550773861838195, -1.212751993313848, -1.2511358428412114, -1.275667092820913, -1.2901023289380287, -1.2971256988921551, -1.298694992628636, -1.2962495093040574, -1.2908466895415303, -1.2832611029558776, -1.2740607281685365, -1.2636663181913954, -1.252396228498992, -1.2404985328500986, -1.228172650815486, -1.215583049299409, -1.2028675205621997, -1.1901421282258933, -1.1775043373528393, -1.165035281398868, -1.15280167278449, -1.1408575670058945, -1.1292460260202435, -1.1180006575559962, -1.1071469943097387, -1.096703690607048, -1.0866835348204469, -1.0770942936334031, -1.0679394153282866, -1.0592186234144358, -1.0509284305087632, -1.0430625973540162, -1.035612555050406, -1.0285678014868578, -1.0219162766576448, -1.015644716687338, -1.0097389832325114, -1.0041843634553955, -0.9989658357343913, -0.9940682973258167, -0.9894767519124164, -0.9851764569757261, -0.9811530328822965, -0.9773925372350897, -0.9738815092615837, -0.9706069897281558, -0.9675565220967017, -0.9647181404377859, -0.9620803490802142, -0.9596320982179523, -0.9573627588181473], "GFRO F(M, 2) + Spin": [0.0062023034868980975, -0.4642771191937225, -0.7546462799248153, -0.943028126744679, -1.06887681765802, -1.1541345390754585, -1.211866501062391, -1.2502952532517413, -1.2748588862293848, -1.2893149967871596, -1.2963496102289753, -1.297922985786914, -1.2954771849221787, -1.290072403279104, -1.2824857367878093, -1.2732872476460613, -1.262899235939852, -1.2516410219226182, -1.2397611003691373, -1.2274588233289967, -1.214898175015538, -1.2022162149107194, -1.1895280731915296, -1.1769302101505406, -1.1645027415095708, -1.1523114364696905, -1.1404094956096862, -1.1288392546068116, -1.1176337367628981, -1.1068180277639192, -1.0964104641813532, -1.0864236211055933, -1.076865141811744, -1.0677384425551453, -1.0590432715181881, -1.050776212116037, -1.0429311245095922, -1.0354995815795602, -1.0284712195628896, -1.0218341268470712, -1.0155752045829964, -1.0096804750871728, -1.0041353810311175, -0.9989250367577585, -0.9940345021896811, -0.9894489092792276, -0.9851536458665545, -0.9811344436219543, -0.9773774741562169, -0.9738693700550302, -0.9705972556565916, -0.9675487549186053, -0.9647119883266259, -0.9620754916465675, -0.9596282968178255, -0.9573597887407786], "LR: All Fock Space": [-2.0422380212513107, -2.6669770168516727, -3.112533053126238, -3.44874710428195, -3.710064445175997, -3.9159885708718347, -4.078859743195994, -4.207196888695503, -4.3073121511651165, -4.384166132010895, -4.4418342777932365, -4.483751429242201, -4.512831546880385, -4.531527553370584, -4.541872416364208, -4.5455222999446585, -4.543807569702652, -4.537788808762161, -4.5283119978468935, -4.516057660299364, -4.501581005596439, -4.4853424263116475, -4.467729356291443, -4.449071312590778, -4.429650082412279, -4.409706749493409, -4.389446825572007, -4.3690443243879695, -4.348645269263196, -4.328370882872969, -4.308320558832191, -4.288574635848016, -4.269196962330492, -4.250237232957641, -4.231733085072017, -4.213711953431309, -4.196192692079097, -4.179186979837277, -4.162700530591004, -4.14673413140395, -4.131284531211977, -4.11634520112204, -4.101906984853964, -4.0879586551253375, -4.074487389155025, -4.0614791741608265, -4.0489191518397005, -4.036791909351359, -4.025081723224461, -4.0137727617957175, -4.002849251193086, -3.992295609412744, -3.982096552657251, -3.972237177758952, -3.962703024183304, -3.953480118779984],