{"No Partitioning": [0.15748213479836282, -0.3122699027007909, -0.6018037107656868, -0.789269392404413, -0.914149704627083, -0.9984155960160166, -1.0551597944706206], "LR F(M, 2)": [-0.02147759209771638, -0.4916209936416056, -0.7816218337719814, -0.9696165622599631, -1.0950673659703165, -1.1799179135800126, -1.237228507102313], "GFRO F(M, 2)": [0.006202300832222507, -0.46427711861406995, -0.7546462799393971, -0.9430281251121679, -1.0688768212068556, -1.154134539928726, -1.2118665048143429], "LR F(M, 2) + Spin": [0.004871105701696354, -0.4655305387206654, -0.7558170910677204, -0.9441167240132495, -1.069888204380667, -1.1550773861838204, -1.2127519933138449], "GFRO F(M, 2) + Spin": [0.006202302836373352, -0.46427711861406995, -0.754646274949295, -0.9430281236332612, -1.0688768175488492, -1.15413453899116, -1.2118665043497052], "LR: All Fock Space": [-2.0422380212513103, -2.666977016851673, -3.112533053126239, -3.4487471042819497, -3.7100644451759974, -3.915988570871835, -4.078859743195994], "GFRO: All Fock Space": [-2.06334961145621, -2.686608257364458, -3.1305782706925602, -3.4652044801821686, -3.7250304874278717, -3.929644472552782, -4.091451517635527]}