{"Exact": [0.15748213479836282, -0.3122699027007909, -0.6018037107656868, -0.789269392404413, -0.914149704627083, -0.9984155960160166, -1.0551597944706206, -1.0926299067451053, -1.1162860068695395, -1.129904784322913, -1.1361894540659216, -1.1371170673457298, -1.1341476666770944, -1.1283618784581098, -1.1205602812999866, -1.1113394177361489, -1.1011503302326184, -1.0903421765127619, -1.0791929449690756, -1.0679296589128588, -1.056740746305258, -1.0457831445498003, -1.0351862664342544, -1.0250543624687878, -1.015468249288245, -1.0064869318291225, -0.998149353471409, -0.9904763409366251, -0.9834727290331724, -0.9771296161660865, -0.9714266884583411, -0.9663345447803088, -0.961816952792581, -0.9578329678685776, -0.9543388539987276, -0.9512897588020877, -0.9486411121761853, -0.946349737325612, -0.9443746811197433, -0.9426777856962747, -0.9412240336932617, -0.9399817052005894, -0.9389223859872748, -0.9380208647377859, -0.937254953009629, -0.9366052564161926, -0.9360549199556065, -0.9355893650259977, -0.935196030847474, -0.9348641289302553, -0.9345844159367672, -0.9343489877473077, -0.9341510956709355, -0.9339849844401322, -0.933845750779156, -0.9337292208393846], "GFRO Fluid": [0.003175349387502857, -0.4666905605439092, -0.7564413506828606, -0.9467070260347785, -1.0723271659936562, -1.162822177522246, -1.22176731457475, -1.2604961408083144, -1.2841985416732284, -1.3003725051513295, -1.3074920409045696, -1.3072853398309614, -1.2954771814468367, -1.296653995063103, -1.2824857352098873, -1.2773871214829309, -1.2630646193781558, -1.2516410229184127, -1.2397611012520164, -1.2274588196307636, -1.2148981744700664, -1.2022162157720522, -1.189528072060631, -1.176930207859215, -1.1645027418868614, -1.1523114323061618, -1.14040949054157, -1.128839249430034, -1.1176337377486454, -1.1068180304477189, -1.0964104697485144, -1.086423620729284, -1.0768651439968742, -1.0677384469111935, -1.0590432791442008, -1.050776216360899, -1.0429311325735002, -1.0354995924095185, -1.0284712196190164, -1.0218341237403197, -1.0155752132068168, -1.0096804845007696, -1.0041353744046952, -0.9989250370899342, -0.9940345062902938, -0.9894489112718747, -0.9851536416735858, -0.9811344451809274, -0.9773774743420852, -0.9738693675998944, -0.9705972577636357, -0.9675487571320863, -0.9647119861889758, -0.962075498614727, -0.9596282910539385, -0.9573597897570444], "GFRO": [0.006202302066905752, -0.46427711974909336, -0.754646277892306, -0.9430281304091679, -1.0688768203659529, -1.154134544854675, -1.2118665058966263, -1.2509420657359216, -1.2758193709883738, -1.290152137063839, -1.296648315900007, -1.2979229893141784, -1.295477180799041, -1.2900724053507875, -1.2824857354555492, -1.273287245896594, -1.2628992369117327, -1.2516410230427886, -1.2397611008479001, -1.2274588196166902, -1.2148981741197347, -1.2022162156213971, -1.1895280721928487, -1.1769302071202363, -1.164502742508464, -1.1523114340188962, -1.1404094904162838, -1.1288392494054234, -1.1176337378346688, -1.1068180317426022, -1.0964104699192456, -1.0864236204474769, -1.0768651439737966, -1.0677384474088405, -1.0590432812203632, -1.0507762163477634, -1.0429311345012424, -1.0354995924108332, -1.028471219553726, -1.0218341231723842, -1.0155752135677292, -1.0096804887804478, -1.0041353741349333, -0.9989250369919981, -0.9940345070741097, -0.9894489113201395, -0.9851536420061956, -0.9811344470253005, -0.9773774739036236, -0.9738693671067253, -0.9705972565476431, -0.9675487569255882, -0.9647119867603059, -0.9620754972703427, -0.9596282896167206, -0.9573597897948357]}