{"No Partitioning": [0.15748213479836282, -0.3122699027007909, -0.6018037107656868, -0.789269392404413, -0.914149704627083, -0.9984155960160166, -1.0551597944706206, -1.0926299067451053, -1.1162860068695395, -1.129904784322913, -1.1361894540659216, -1.1371170673457298, -1.1341476666770944, -1.1283618784581098, -1.1205602812999866, -1.1113394177361489, -1.1011503302326184, -1.0903421765127619, -1.0791929449690756, -1.0679296589128588, -1.056740746305258, -1.0457831445498003, -1.0351862664342544, -1.0250543624687878, -1.015468249288245, -1.0064869318291225, -0.998149353471409, -0.9904763409366251, -0.9834727290331724, -0.9771296161660865, -0.9714266884583411, -0.9663345447803088, -0.961816952792581, -0.9578329678685776, -0.9543388539987276, -0.9512897588020877, -0.9486411121761853, -0.946349737325612, -0.9443746811197433, -0.9426777856962747, -0.9412240336932617, -0.9399817052005894, -0.9389223859872748, -0.9380208647377859, -0.937254953009629, -0.9366052564161926, -0.9360549199556065, -0.9355893650259977, -0.935196030847474, -0.9348641289302553, -0.9345844159367672, -0.9343489877473077, -0.9341510956709355, -0.9339849844401322, -0.933845750779156, -0.9337292208393846], "LR F(M, 2)": [-0.02147759209771305, -0.4916209936416114, -0.7816218337719811, -0.969616562259962, -1.095067365970322, -1.1799179135800117, -1.2372285071023161, -1.2752117050079543, -1.2992926654717034, -1.313215541578117, -1.3196546561473594, -1.3205620067005979, -1.3173757948560405, -1.3111570034182465, -1.3026877835997865, -1.2925468103283386, -1.2811676032347898, -1.2688823440543084, -1.2559531094478038, -1.2425927867164188, -1.2289782433832634, -1.215258241816858, -1.2015581697367457, -1.1879830790144466, -1.1746199618329844, -1.1615397482675116, -1.1487992139710568, -1.1364428241836337, -1.1245044732988942, -1.1130090690720236, -1.1019739270794433, -1.09140996485942, -1.0813227060198936, -1.0717131184840962, -1.0625783175410037, -1.0539121647879048, -1.0457057902910964, -1.0379480592253967, -1.0306259974625682, -1.0237251842295858, -1.0172301148009608, -1.0111245325909806, -1.0053917280252958, -1.0000148010214596, -0.994976884476216, -0.9902613274634428, -0.9858518385131644, -0.9817325910427281, -0.9778882944979344, -0.9743042358750129, -0.9709662969598553, -0.9678609528358282, -0.9649752570265608, -0.9622968181392297, -0.9598137721561267, -0.9575147536870063], "GFRO F(M, 2)": [0.006202301814805189, -0.4642771207556826, -0.7546462787950274, -0.9430281305753072, -1.0688768215340423, -1.154134538633703, -1.2118665034321934, -1.250942068069717, -1.2758193705377348, -1.2901521415318158, -1.296648318158824, -1.297922993484516, -1.295477182330052, -1.2900724029812578, -1.282485734209406, -1.273287245920313, -1.262899233815832, -1.2516410269714249, -1.239761104655298, -1.2274588230023638, -1.214898178219251, -1.2022162168584276, -1.1895280787554219, -1.1769302122516943, -1.1645027429372778, -1.152311437336262, -1.1404094985337332, -1.1288392567609074, -1.1176337383439836, -1.106818033505731, -1.096410479895718, -1.0864236227070359, -1.076865147129253, -1.067738451414651, -1.0590432775784815, -1.0507762129082354, -1.0429311482969057, -1.0354995935961457, -1.0284712190394385, -1.021834128391502, -1.0155752129329514, -1.0096804729170519, -1.0041353777180357, -0.9989250374025719, -0.9940345089532341, -0.9894489286944529, -0.9851536518897323, -0.9811344526560276, -0.9773774786156162, -0.9738693740281567, -0.9705972599150263, -0.9675487641032418, -0.9647119939530904, -0.9620755160080438, -0.9596282961720437, -0.9573597988065191], "LR F(M, 2) + Spin": [0.004871105701699685, -0.4655305387206712, -0.7558170910677202, -0.9441167240132484, -1.0698882043806723, -1.1550773861838195, -1.212751993313848, -1.2511358428412114, -1.275667092820913, -1.2901023289380287, -1.2971256988921551, -1.298694992628636, -1.2962495093040574, -1.2908466895415303, -1.2832611029558776, -1.2740607281685365, -1.2636663181913954, -1.252396228498992, -1.2404985328500986, -1.228172650815486, -1.215583049299409, -1.2028675205621997, -1.1901421282258933, -1.1775043373528393, -1.165035281398868, -1.15280167278449, -1.1408575670058945, -1.1292460260202435, -1.1180006575559962, -1.1071469943097387, -1.096703690607048, -1.0866835348204469, -1.0770942936334031, -1.0679394153282866, -1.0592186234144358, -1.0509284305087632, -1.0430625973540162, -1.035612555050406, -1.0285678014868578, -1.0219162766576448, -1.015644716687338, -1.0097389832325114, -1.0041843634553955, -0.9989658357343913, -0.9940682973258167, -0.9894767519124164, -0.9851764569757261, -0.9811530328822965, -0.9773925372350897, -0.9738815092615837, -0.9706069897281558, -0.9675565220967017, -0.9647181404377859, -0.9620803490802142, -0.9596320982179523, -0.9573627588181473], "GFRO F(M, 2) + Spin": [0.006202302529862536, -0.46427711674684957, -0.754646277798239, -0.9430281286002409, -1.0688768181217418, -1.1541345386337027, -1.2118665028320783, -1.2502952547609385, -1.27485888631299, -1.2893149975932747, -1.296349611470699, -1.2979229872689, -1.295477180882914, -1.290072401072412, -1.2824857342094054, -1.2732872440904595, -1.2628992326389243, -1.251641020832311, -1.2397611021883066, -1.2274588187338669, -1.214898178219251, -1.2022162168584276, -1.1895280758235098, -1.1769302091097993, -1.1645027418647154, -1.152311434562351, -1.1404094907144176, -1.1288392485376089, -1.117633732548324, -1.1068180311852551, -1.096410464038349, -1.0864236197100008, -1.0768651432857455, -1.0677384396099907, -1.0590432728996193, -1.0507762119694832, -1.04293113017261, -1.0354995848933122, -1.028471217912255, -1.0218341283915018, -1.015575208295059, -1.0096804729170519, -1.0041353777180355, -0.9989250346474757, -0.9940345046894217, -0.9894489051412156, -0.985153648308042, -0.9811344412828792, -0.9773774758461833, -0.9738693688143593, -0.9705972588352813, -0.9675487641032418, -0.9647119915865732, -0.962075501687031, -0.9596282924222869, -0.9573597880015646], "LR: All Fock Space": [-2.0422380212513107, -2.6669770168516727, -3.112533053126238, -3.44874710428195, -3.710064445175997, -3.9159885708718347, -4.078859743195994, -4.207196888695503, -4.3073121511651165, -4.384166132010895, -4.4418342777932365, -4.483751429242201, -4.512831546880385, -4.531527553370584, -4.541872416364208, -4.5455222999446585, -4.543807569702652, -4.537788808762161, -4.5283119978468935, -4.516057660299364, -4.501581005596439, -4.4853424263116475, -4.467729356291443, -4.449071312590778, -4.429650082412279, -4.409706749493409, -4.389446825572007, -4.3690443243879695, -4.348645269263196, -4.328370882872969, -4.308320558832191, -4.288574635848016, -4.269196962330492, -4.250237232957641, -4.231733085072017, -4.213711953431309, -4.196192692079097, -4.179186979837277, -4.162700530591004, -4.14673413140395, -4.131284531211977, -4.11634520112204, -4.101906984853964, -4.0879586551253375, -4.074487389155025, -4.0614791741608265, -4.0489191518397005, -4.036791909351359, -4.025081723224461, -4.0137727617957175, -4.002849251193086, -3.992295609412744, -3.982096552657251, -3.972237177758952, -3.962703024183304, -3.953480118779984],