{"No Partitioning": [0.15748213479836282, -0.3122699027007909, -0.6018037107656868, -0.789269392404413, -0.914149704627083, -0.9984155960160166, -1.0551597944706206, -1.0926299067451053, -1.1162860068695395, -1.129904784322913, -1.1361894540659216, -1.1371170673457298, -1.1341476666770944, -1.1283618784581098, -1.1205602812999866, -1.1113394177361489, -1.1011503302326184, -1.0903421765127619, -1.0791929449690756, -1.0679296589128588, -1.056740746305258, -1.0457831445498003, -1.0351862664342544, -1.0250543624687878], "LR F(M, 2)": [-0.02147759209771305, -0.4916209936416114, -0.7816218337719811, -0.969616562259962, -1.095067365970322, -1.1799179135800117, -1.2372285071023161, -1.2752117050079543, -1.2992926654717034, -1.313215541578117, -1.3196546561473594, -1.3205620067005979, -1.3173757948560405, -1.3111570034182465, -1.3026877835997865, -1.2925468103283386, -1.2811676032347898, -1.2688823440543084, -1.2559531094478038, -1.2425927867164188, -1.2289782433832634, -1.215258241816858, -1.2015581697367457, -1.1879830790144466], "GFRO F(M, 2)": [0.006202302474809018, -0.46427711813867134, -0.7546462791857724, -0.9430281278750015, -1.0688768191664328, -1.154134539192484, -1.2118665049053297, -1.2509420697503968, -1.2758193788999286, -1.2901521379998786, -1.2966483198647252, -1.2979229863362984, -1.2954771815204886, -1.290072405745895, -1.2824857389339825, -1.273287246766222, -1.2628992363420757, -1.2516410292705415, -1.2397611036139011, -1.2274588201507244, -1.214898179399811, -1.2022162158793959, -1.1895280749825108, -1.176930212310046], "LR F(M, 2) + Spin": [0.004871105701699685, -0.4655305387206712, -0.7558170910677202, -0.9441167240132484, -1.0698882043806723, -1.1550773861838195, -1.212751993313848, -1.2511358428412114, -1.275667092820913, -1.2901023289380287, -1.2971256988921551, -1.298694992628636, -1.2962495093040574, -1.2908466895415303, -1.2832611029558776, -1.2740607281685365, -1.2636663181913954, -1.252396228498992, -1.2404985328500986, -1.228172650815486, -1.215583049299409, -1.2028675205621997, -1.1901421282258933, -1.1775043373528393], "GFRO F(M, 2) + Spin": [0.006202302474809018, -0.46427711813867134, -0.754646277252996, -0.9430281265035223, -1.0688768191664328, -1.154134538637323, -1.2118665024040407, -1.2502952548729946, -1.2748588861093377, -1.289314999168773, -1.2963496134453751, -1.2979229860822512, -1.2954771803881424, -1.2900724022118764, -1.2824857342894025, -1.273287244450326, -1.2628992349777513, -1.2516410292705415, -1.2397611023852966, -1.227458818500977, -1.2148981778336543, -1.2022162113086885, -1.1895280749825103, -1.1769302121085703], "LR: All Fock Space": [-2.0422380212513107, -2.6669770168516727, -3.112533053126238, -3.44874710428195, -3.710064445175997, -3.9159885708718347, -4.078859743195994, -4.207196888695503, -4.3073121511651165, -4.384166132010895, -4.4418342777932365, -4.483751429242201, -4.512831546880385, -4.531527553370584, -4.541872416364208, -4.5455222999446585, -4.543807569702652, -4.537788808762161, -4.5283119978468935, -4.516057660299364, -4.501581005596439, -4.4853424263116475, -4.467729356291443, -4.449071312590778], "GFRO: All Fock Space": [-2.0633496125542052, -2.6866082576787798, -3.1305782643568483, -3.465204474750446, -3.7250304884693772, -3.9296444696691966, -4.091451521880281, -4.219012132282605, -4.318656178830066, -4.395340185561298, -4.453117642582916, -4.495388254334352, -4.525022715577629, -4.544427003550165, -4.5555871454955765, -4.560115036493547, -4.559301287210071, -4.554172258762003, -4.545545552890726, -4.534079355670894, -4.520311987404755, -4.504692113004062, -4.487599707427509, -4.469360760743863]}