{"Exact": [0.15748213479836282, -0.3122699027007909, -0.6018037107656868, -0.789269392404413, -0.914149704627083, -0.9984155960160166, -1.0551597944706206, -1.0926299067451053, -1.1162860068695395, -1.129904784322913, -1.1361894540659216, -1.1371170673457298, -1.1341476666770944, -1.1283618784581098, -1.1205602812999866, -1.1113394177361489, -1.1011503302326184, -1.0903421765127619, -1.0791929449690756, -1.0679296589128588, -1.056740746305258, -1.0457831445498003, -1.0351862664342544, -1.0250543624687878, -1.015468249288245, -1.0064869318291225, -0.998149353471409, -0.9904763409366251, -0.9834727290331724, -0.9771296161660865, -0.9714266884583411, -0.9663345447803088, -0.961816952792581, -0.9578329678685776, -0.9543388539987276, -0.9512897588020877, -0.9486411121761853, -0.946349737325612, -0.9443746811197433, -0.9426777856962747, -0.9412240336932617, -0.9399817052005894, -0.9389223859872748, -0.9380208647377859, -0.937254953009629, -0.9366052564161926, -0.9360549199556065, -0.9355893650259977, -0.935196030847474, -0.9348641289302553, -0.9345844159367672, -0.9343489877473077, -0.9341510956709355, -0.9339849844401322, -0.933845750779156, -0.9337292208393846], "GFRO Fluid": [0.006202304588227792, -0.46427711953211115, -0.7546462768979629, -0.9430281299266232, -1.0688768187453463, -1.154134542383052, -1.2118665038376812, -1.250295252653834, -1.2748588861322472, -1.2893149980575171, -1.2963496112579609, -1.2979229865965354, -1.2954771806097702, -1.2900724045382967, -1.282485734595122, -1.2732872455078543, -1.2628992340224099, -1.2516410227315746, -1.2397611007082106, -1.227458817901098, -1.2148981736776387, -1.2022162146331725, -1.1895280718383041, -1.1769302068321599, -1.1645027387615554, -1.1523114321814794, -1.1404094884824851, -1.1288392489513106, -1.117633737466458, -1.1068180294258358, -1.0964104696327028, -1.0864236199766835, -1.0768651428405178, -1.0677384449856597, -1.0590432787013497, -1.0507762132588407, -1.0429311315473562, -1.0354995856356153, -1.0284712195214976, -1.0218341226238816, -1.0155752097524449, -1.0096804787199465, -1.0041353739534575, -0.9989250365686698, -0.9940345062502843, -0.9894489110876871, -0.9851536415506209, -0.9811344448929249, -0.9773774735871068, -0.9738693670121408, -0.9705972565309627, -0.9675487569094071, -0.9647119861626984, -0.9620754969002535, -0.9596282893121415, -0.957359789553583], "GFRO": [0.006202304588227792, -0.4642771195321109, -0.7546462768979629, -0.9430281299266232, -1.068876818745346, -1.154134542383052, -1.211866503837682, -1.2502952526538336, -1.274858886132247, -1.2893149980575171, -1.2963496112579609, -1.2979229865965354, -1.29547718060977, -1.2900724045382963, -1.2824857345951215, -1.2732872455078545, -1.26289923402241, -1.2516410227315746, -1.2397611007082106, -1.227458817901098, -1.2148981736776372, -1.202216214633172, -1.1895280718383043, -1.1769302068321599, -1.164502738761556, -1.1523114321814802, -1.140409488482485, -1.1288392489513108, -1.1176337374664576, -1.1068180294258354, -1.0964104696327028, -1.0864236199766832, -1.0768651428405178, -1.0677384449856597, -1.0590432787013497, -1.0507762132588407, -1.0429311315473564, -1.0354995856356148, -1.028471219521498, -1.0218341226238814, -1.0155752097524453, -1.0096804787199465, -1.0041353739534578, -0.9989250365686696, -0.9940345062502843, -0.9894489110876871, -0.985153641550621, -0.9811344448929247, -0.9773774735871068, -0.9738693670121408, -0.9705972565309627, -0.9675487569094073, -0.9647119861626983, -0.9620754969002533, -0.9596282893121415, -0.9573597895535834]}