{"No Partitioning": [0.15748213479836282, -0.3122699027007909, -0.6018037107656868, -0.789269392404413, -0.914149704627083, -0.9984155960160166, -1.0551597944706206, -1.0926299067451053, -1.1162860068695395, -1.129904784322913, -1.1361894540659216, -1.1371170673457298, -1.1341476666770944, -1.1283618784581098, -1.1205602812999866, -1.1113394177361489, -1.1011503302326184, -1.0903421765127619, -1.0791929449690756, -1.0679296589128588, -1.056740746305258, -1.0457831445498003, -1.0351862664342544, -1.0250543624687878, -1.015468249288245, -1.0064869318291225, -0.998149353471409, -0.9904763409366251, -0.9834727290331724, -0.9771296161660865, -0.9714266884583411, -0.9663345447803088, -0.961816952792581, -0.9578329678685776, -0.9543388539987276, -0.9512897588020877, -0.9486411121761853, -0.946349737325612, -0.9443746811197433, -0.9426777856962747, -0.9412240336932617, -0.9399817052005894, -0.9389223859872748], "LR F(M, 2)": [-0.02147759209771305, -0.4916209936416114, -0.7816218337719811, -0.969616562259962, -1.095067365970322, -1.1799179135800117, -1.2372285071023161, -1.2752117050079543, -1.2992926654717034, -1.313215541578117, -1.3196546561473594, -1.3205620067005979, -1.3173757948560405, -1.3111570034182465, -1.3026877835997865, -1.2925468103283386, -1.2811676032347898, -1.2688823440543084, -1.2559531094478038, -1.2425927867164188, -1.2289782433832634, -1.215258241816858, -1.2015581697367457, -1.1879830790144466, -1.1746199618329844, -1.1615397482675116, -1.1487992139710568, -1.1364428241836337, -1.1245044732988942, -1.1130090690720236, -1.1019739270794433, -1.09140996485942, -1.0813227060198936, -1.0717131184840962, -1.0625783175410037, -1.0539121647879048, -1.0457057902910964, -1.0379480592253967, -1.0306259974625682, -1.0237251842295858, -1.0172301148009608, -1.0111245325909806, -1.0053917280252958], "GFRO F(M, 2)": [-1.068392060152748, -0.4642771372873884, -1.8070220973665427, -0.9430281487475423, -1.068876836990309, -2.164493514244812, -1.2118665229084766, -1.2509420860601586, -1.2758193919846894, -1.2901521555067161, -1.2966483365841404, -1.2979230056447362, -1.2954772003676598, -1.2900724202998444, -1.282485755642318, -1.273287264954381, -2.1105864830482437, -1.2516410415117403, -1.23976112152976, -2.0362163125947563, -1.2148981956720328, -1.2022162373035037, -1.189528095877943, -1.1769302311263625, -1.1645027629701257, -1.8932833806560951, -1.1404095094780373, -1.8503364891859753, -1.1176337581061229, -1.8103540292190887, -1.7915109195231724, -1.0864236392145379, -1.0768651613121076, -1.067738460182993, -1.059043291884076, -1.050776233673891, -1.0429311502500653, -1.0354996040094782, -1.0284712390652504, -1.0218341471873478, -1.0155752255128419, -1.0096804949855605, -1.0041353896040994], "LR F(M, 2) + Spin": [0.004871105701699685, -0.4655305387206712, -0.7558170910677202, -0.9441167240132484, -1.0698882043806723, -1.1550773861838195, -1.212751993313848, -1.2511358428412114, -1.275667092820913, -1.2901023289380287, -1.2971256988921551, -1.298694992628636, -1.2962495093040574, -1.2908466895415303, -1.2832611029558776, -1.2740607281685365, -1.2636663181913954, -1.252396228498992, -1.2404985328500986, -1.228172650815486, -1.215583049299409, -1.2028675205621997, -1.1901421282258933, -1.1775043373528393, -1.165035281398868, -1.15280167278449, -1.1408575670058945, -1.1292460260202435, -1.1180006575559962, -1.1071469943097387, -1.096703690607048, -1.0866835348204469, -1.0770942936334031, -1.0679394153282866, -1.0592186234144358, -1.0509284305087632, -1.0430625973540162, -1.035612555050406, -1.0285678014868578, -1.0219162766576448, -1.015644716687338, -1.0097389832325114, -1.0041843634553955], "GFRO F(M, 2) + Spin": [-1.068392060152748, -0.4642771372421539, -1.8070220973665427, -0.9430281482934113, -1.0688768362111307, -2.164493514244812, -1.211866522682856, -1.250295273324331, -1.2748589051228725, -1.2893150149887325, -1.2963496317249343, -1.2979230054791284, -1.295477200129885, -1.2900724199655074, -1.2824857552214628, -1.2732872648230635, -2.1105864830482437, -1.251641041459613, -1.2397611214896347, -2.0362163125947563, -1.2148981948580255, -1.202216235766621, -1.1895280955484764, -1.1769302301749502, -1.164502762273495, -1.8932833806560951, -1.140409509387394, -1.8503364891859753, -1.1176337560985146, -1.8103540285893698, -1.7915109195231724, -1.086423638550766, -1.076865159193863, -1.067738460182993, -1.0590432918224661, -1.050776233455399, -1.042931149166155, -1.0354996038668953, -1.0284712375816438, -1.0218341469952315, -1.015575224895553, -1.009680494236136, -1.0041353896040994], "LR: All Fock Space": [-2.0422380212513107, -2.6669770168516727, -3.112533053126238, -3.44874710428195, -3.710064445175997, -3.9159885708718347, -4.078859743195994, -4.207196888695503, -4.3073121511651165, -4.384166132010895, -4.4418342777932365, -4.483751429242201, -4.512831546880385, -4.531527553370584, -4.541872416364208, -4.5455222999446585, -4.543807569702652, -4.537788808762161, -4.5283119978468935, -4.516057660299364, -4.501581005596439, -4.4853424263116475, -4.467729356291443, -4.449071312590778, -4.429650082412279, -4.409706749493409, -4.389446825572007, -4.3690443243879695, -4.348645269263196, -4.328370882872969, -4.308320558832191, -4.288574635848016, -4.269196962330492, -4.250237232957641, -4.231733085072017, -4.213711953431309, -4.196192692079097, -4.179186979837277, -4.162700530591004, -4.14673413140395, -4.131284531211977, -4.11634520112204, -4.101906984853964], "GFRO: All Fock Space": [-2.063349616661028, -2.6866082686740076, -3.130578270057805, -3.465204478585985, -3.7250304954379057, -3.9296444764754717, -4.0914515266986395, -4.219012132055289, -4.3186561795912315, -4.395340201289487, -4.453117654374617, -4.495388260391937, -4.525022718589012, -4.544427009929049, -4.555587151937587, -4.5601150419267, -4.5593012842645155, -4.554172241835436, -4.54554556133862, -4.534079360946845, -4.520312010479551, -4.504692104795873, -4.487599715982553, -4.46936074349959, -4.450417871251191, -4.4313408374461165, -4.411786286077222, -4.391933872278982, -4.371937203231341, -4.351926400737067, -4.3320105534960245, -4.3122800383758335, -4.292808782260674, -4.2736563395671014, -4.254869865582942, -4.236485869704869, -4.21853179128555, -4.201027432633743, -4.183986172141113, -4.167416046660466, -4.151320695310018, -4.135700121999314, -4.120551410392911]}