{
  "Exact": [
    0.15748213479836282,
    -0.3122699027007909,
    -0.6018037107656868,
    -0.789269392404413,
    -0.914149704627083,
    -0.9984155960160166,
    -1.0551597944706206,
    -1.0926299067451053,
    -1.1162860068695395,
    -1.129904784322913,
    -1.1361894540659216,
    -1.1371170673457298,
    -1.1341476666770944,
    -1.1283618784581098,
    -1.1205602812999866,
    -1.1113394177361489,
    -1.1011503302326184,
    -1.0903421765127619,
    -1.0791929449690756,
    -1.0679296589128588,
    -1.056740746305258,
    -1.0457831445498003,
    -1.0351862664342544,
    -1.0250543624687878,
    -1.015468249288245,
    -1.0064869318291225,
    -0.998149353471409,
    -0.9904763409366251,
    -0.9834727290331724,
    -0.9771296161660865,
    -0.9714266884583411,
    -0.9663345447803088,
    -0.961816952792581,
    -0.9578329678685776,
    -0.9543388539987276,
    -0.9512897588020877,
    -0.9486411121761853,
    -0.946349737325612,
    -0.9443746811197433,
    -0.9426777856962747,
    -0.9412240336932617,
    -0.9399817052005894,
    -0.9389223859872748,
    -0.9380208647377859,
    -0.937254953009629,
    -0.9366052564161926,
    -0.9360549199556065,
    -0.9355893650259977,
    -0.935196030847474,
    -0.9348641289302553,
    -0.9345844159367672,
    -0.9343489877473077,
    -0.9341510956709355,
    -0.9339849844401322,
    -0.933845750779156,
    -0.9337292208393846
  ],
  "GFRO Fluid": [
    0.0062023046116435054,
    -0.46427711953603346,
    -0.7546462768979351,
    -0.9430281299442463,
    -1.0688768187437754,
    -1.1541345423900407,
    -1.2118665038422511,
    -1.2502952725190748,
    -1.2748589051406856,
    -1.2893150182013522,
    -1.2963495673651848,
    -1.297922986600635,
    -1.2954771806098098,
    -1.290072404538329,
    -1.2824857345967366,
    -1.273287245507903,
    -1.2628992340230183,
    -1.251641022731772,
    -1.2397611007079226,
    -1.2274588179010564,
    -1.2148981736776334,
    -1.2022162146331503,
    -1.1895280718382821,
    -1.1769301901506366,
    -1.1645027387615225,
    -1.1523114321814765,
    -1.1404094884820573,
    -1.1288392489513077,
    -1.1176337374664598,
    -1.1068179684627113,
    -1.09641046382008,
    -1.3297855331028061,
    -1.0768651428405598,
    -1.0677383813591477,
    -1.0590432077446463,
    -1.050776213258838,
    -1.0429311252304094,
    -1.0354995856356228,
    -1.0284712195214996,
    -1.0218341226238679,
    -1.015575192066843,
    -1.00968041868579,
    -1.0041353290205395,
    -0.998925036568659,
    -0.9940345006888212,
    -0.9894489110876875,
    -0.9851536415506252,
    -0.9811344448929382,
    -0.9773774735871088,
    -0.9738693152935178,
    -0.970597256530954,
    -0.9675487569093613,
    -0.9647119861627,
    -0.9620754969002541,
    -0.9596282893121423,
    -0.9573597895536174
  ],
  "GFRO": [
    0.006202304588227792,
    -0.4642771195321109,
    -0.7546462768979629,
    -0.9430281299266232,
    -1.068876818745346,
    -1.154134542383052,
    -1.211866503837682,
    -1.2502952526538336,
    -1.274858886132247,
    -1.2893149980575171,
    -1.2963496112579609,
    -1.2979229865965354,
    -1.29547718060977,
    -1.2900724045382963,
    -1.2824857345951215,
    -1.2732872455078545,
    -1.26289923402241,
    -1.2516410227315746,
    -1.2397611007082106,
    -1.227458817901098,
    -1.2148981736776372,
    -1.202216214633172,
    -1.1895280718383043,
    -1.1769302068321599,
    -1.164502738761556,
    -1.1523114321814802,
    -1.140409488482485,
    -1.1288392489513108,
    -1.1176337374664576,
    -1.1068180294258354,
    -1.0964104696327028,
    -1.0864236199766832,
    -1.0768651428405178,
    -1.0677384449856597,
    -1.0590432787013497,
    -1.0507762132588407,
    -1.0429311315473564,
    -1.0354995856356148,
    -1.028471219521498,
    -1.0218341226238814,
    -1.0155752097524453,
    -1.0096804787199465,
    -1.0041353739534578,
    -0.9989250365686696,
    -0.9940345062502843,
    -0.9894489110876871,
    -0.985153641550621,
    -0.9811344448929247,
    -0.9773774735871068,
    -0.9738693670121408,
    -0.9705972565309627,
    -0.9675487569094073,
    -0.9647119861626983,
    -0.9620754969002533,
    -0.9596282893121415,
    -0.9573597895535834
  ]
}