{"No Partitioning": [0.15748213479836282, -1.1367956188204555, -1.0310726744786836, -0.9556805781915432, -0.9367267420119293], "LR F(M, 2) + Spin": [-0.021477592097717713, -1.3202135732308051, -1.1961078817073831, -1.0661755898842376, -0.9911794382273625], "GFRO F(M, 2) + Spin": [0.006202302066905752, -1.2977166421013404, -1.1844732664822901, -1.0624697093266255, -0.9903423415335845]}