{"No Partitioning": [0.15748213479836282], "LR F(M, 2)": [-0.02147759209771305], "GFRO F(M, 2)": [0.006202302650091696], "LR F(M, 2) + Spin": [0.004871105701699685], "GFRO F(M, 2) + Spin": [0.006202303389481578], "LR: All Fock Space": [-2.0422380212513107], "GFRO: All Fock Space": [-2.063349613095202]}