{"No Partitioning": [0.15748213479836282, -0.3122699027007909, -0.6018037107656868, -0.789269392404413, -0.914149704627083, -0.9984155960160166, -1.0551597944706206, -1.0926299067451053, -1.1162860068695395, -1.129904784322913, -1.1361894540659216, -1.1371170673457298, -1.1341476666770944, -1.1283618784581098, -1.1205602812999866, -1.1113394177361489, -1.1011503302326184, -1.0903421765127619, -1.0791929449690756, -1.0679296589128588, -1.056740746305258, -1.0457831445498003, -1.0351862664342544, -1.0250543624687878, -1.015468249288245, -1.0064869318291225, -0.998149353471409, -0.9904763409366251, -0.9834727290331724, -0.9771296161660865, -0.9714266884583411, -0.9663345447803088, -0.961816952792581, -0.9578329678685776, -0.9543388539987276, -0.9512897588020877, -0.9486411121761853, -0.946349737325612, -0.9443746811197433, -0.9426777856962747, -0.9412240336932617, -0.9399817052005894, -0.9389223859872748, -0.9380208647377859, -0.937254953009629, -0.9366052564161926, -0.9360549199556065, -0.9355893650259977, -0.935196030847474, -0.9348641289302553, -0.9345844159367672, -0.9343489877473077, -0.9341510956709355, -0.9339849844401322, -0.933845750779156, -0.9337292208393846], "LR F(M, 2)": [-0.02147759209771638, -0.4916209936416056, -0.7816218337719814, -0.9696165622599631, -1.0950673659703165, -1.1799179135800126, -1.237228507102313, -2.06547046333924, -1.9431208326605183, -1.3077333775856017, -1.3196546561473612, -2.0783940435582915, -1.8198165158564188, -2.050988108264102, -1.3026877835997812, -1.2925468103283397, -1.2811676032347887, -1.268882344054306, -1.255953109447806, -1.2425927867164188, -1.9026408388529912, -1.215258241816857, -1.2015581697367457, -1.187983079014445, -1.1746199618329836, -1.5864084927347015, -1.1487992139710552, -1.1364428241836328, -1.124504473298894, -1.723791678034897, -1.1019739270794446, -1.0914099648594195, -1.0803995668579387, -1.0716237712030328, -1.0625783175410017, -1.0539121647879053, -1.0385238783147526, -1.037948059225398, -1.725462415311535, -1.0237065786357713, -0.9999491203336432, -1.395260133323318, -1.0053917280252946, -1.5677203621196338, -0.994976884476216, -0.9902613274634425, -0.9858518385131633, -1.540005394319465, -0.977888294497934, -0.9743042358750138, -0.9709662969598551, -0.9678609528358293, -0.9649752570265597, -1.511972698673714, -0.9519453896383642, -0.9575147536870054], "GFRO F(M, 2)": [0.006202301063333415, -0.4642771209769818, -0.754646281620011, -0.9430281278520045, -1.068876822940224, -1.1541345400664236, -1.2118665044090373, -1.2509420691825306, -1.2758193741357167, -1.290152138723653, -1.296648317610599, -1.2979229902304987, -1.295477182065501, -1.2900724022421737, -1.2824857349393903, -1.273287247888125, -1.2628992354834911, -1.2516410254114267, -1.2397611039613952, -1.2274588221594473, -1.2148981768692513, -1.2022162164659376, -1.189528079856917, -1.1769302101824328, -1.1645027454970573, -1.1523114371553382, -1.1404094936805849, -1.1288392557976041, -1.1176337360315, -1.106818032566894, -1.0964104771070202, -1.0864236245629117, -1.0768651447565638, -1.067738445546755, -1.0590432762383466, -1.0507762213471525, -1.0429311287487504, -1.035499588512283, -1.028471219750959, -1.0218341262146895, -1.015575209142622, -1.0096804795754535, -1.004135378878449, -0.9989250409637849, -0.9940345129634945, -0.9894489185264591, -0.9851536478651923, -0.9811344440658656, -0.9773774818236085, -0.9738693710616207, -0.9705972635394985, -0.9675487681174257, -0.9647119944719611, -0.962075510233065, -0.9596282939603277, -0.9573597958765317], "LR F(M, 2) + Spin": [0.004871105701696354, -0.4655305387206654, -0.7558170910677204, -0.9441167240132495, -1.069888204380667, -1.1550773861838204, -1.2127519933138449, -1.2416222585431607, -1.2732383048461648, -1.2881623948738594, -1.297125698892157, -1.2986393228643427, -1.2956753007818715, -1.2908466895415343, -1.2832611029558723, -1.2740607281685377, -1.2636663181913945, -1.2523962284989894, -1.2404985328501008, -1.2281726508154862, -1.2155830492994104, -1.2028675205621986, -1.1901421282258933, -1.1775043373528378, -1.165035281398867, -1.1528016727844932, -1.1408575670058931, -1.1292460260202426, -1.118000657555996, -1.1067099031354444, -1.0967036906070493, -1.0866835348204462, -1.0770942936334058, -1.0679328144083944, -1.0592186234144338, -1.0509284305087636, -1.0365061183979047, -1.0356125550504074, -1.0285678014868609, -1.0219162766576453, -0.9985311989149754, -1.0097389832325114, -1.0041843634553942, -0.9989658357343923, -0.9940682973258166, -0.9894767519124164, -0.9851764569757251, -0.9811530328822984, -0.9773925372350895, -0.9738815092615846, -0.9706069897281558, -0.9675565220967031, -0.9647181404377849, -0.9620803429910073, -0.9517716236217796, -0.9573627588181464], "GFRO F(M, 2) + Spin": [0.006202304736426134, -0.4642771201343623, -0.7546462790515762, -0.9430281258202289, -1.0688768194134632, -1.1541345400664236, -1.211866501962657, -1.2502952523947706, -1.2748588857197674, -1.2893149991090442, -1.296349611823995, -1.297922988194108, -1.2954771819591542, -1.2900723996137071, -1.2824857327030406, -1.2732872440330094, -1.2628992354834911, -1.2516410251144816, -1.2397611004999687, -1.227458818183472, -1.2148981768692513, -1.2022162161722434, -1.1895280773472292, -1.176930210008883, -1.1645027442789166, -1.1523114353417625, -1.140409489536475, -1.1288392503124252, -1.1176337345351832, -1.1068180210722898, -1.09641047314064, -1.0864236216659826, -1.0768651447565638, -1.0677384438086244, -1.0590432735274369, -1.0507762157972196, -1.0429311282487683, -1.0354995857564897, -1.0284712186254183, -1.0218341262146895, -1.0155752062650638, -1.0096804753329862, -1.004135378878449, -0.9989250378078862, -0.9940345051407609, -0.9894489126880659, -0.9851536478359464, -0.9811344405310318, -0.977377475002297, -0.9738693710616206, -0.9705972589919695, -0.9675487641246289, -0.9647119916671808, -0.962075502118181, -0.9596282939603269, -0.9573597908411513], "LR: All Fock Space": [-2.0422380212513103, -2.666977016851673, -3.112533053126239, -3.4487471042819497, -3.7100644451759974, -3.915988570871835, -4.078859743195994, -4.207196888695503, -4.3073121511651165, -4.384166132010895, -4.4418342777932365, -4.483751429242201, -4.512831555092406, -4.5315275533705845, -4.541872416364207, -4.5455222999446585, -4.543807569702652, -4.537788808762161, -4.5283119978468935, -4.516057660299364, -4.501581005596439, -4.4853424263116475, -4.467729356291443, -4.449071312590778, -4.429650082412279, -4.409706749493409, -4.389446825572007, -4.3690443243879695, -4.348645269263196, -4.328370882872968, -4.308320558832191, -4.288574635848016, -4.269196962330492, -4.25023723295764, -4.231733085072016, -4.213711953431309, -4.196192695666471, -4.179186979837277, -4.162700530591004, -4.14673413140395, -4.131284531211977, -4.11634520112204, -4.101906984853964, -4.0879586551253375, -4.074487389155025, -4.0614791741608265, -4.0489191518397005, -4.036791909351359, -4.025081723224461, -4.0137727617957175, -4.002849251193086, -3.992295609412744, -3.982096552657251, -3.9722371903112577, -3.962703024183304, -3.953480118779984],