{"No Partitioning": [0.15748213479836282, -0.3122699027007909, -0.6018037107656868, -0.789269392404413, -0.914149704627083, -0.9984155960160166, -1.0551597944706206, -1.0926299067451053, -1.1162860068695395, -1.129904784322913, -1.1361894540659216], "LR F(M, 2)": [-0.02147759209771305, -0.4916209936416114, -0.7816218337719811, -0.969616562259962, -1.095067365970322, -1.1799179135800117, -1.2372285071023161, -1.2752117050079543, -1.2992926654717034, -1.313215541578117, -1.3196546561473594], "GFRO F(M, 2)": [-1.0683920492712626, -0.46427711930713755, -0.7546462689984739, -0.9430281262243976, -2.093990210693935, -1.1541345442185, -1.2118665441941388, -2.230777251750427, -2.2402402882348778, -1.2901521507341145, -1.2966484677519574], "LR F(M, 2) + Spin": [0.004871105701699685, -0.4655305387206712, -0.7558170910677202, -0.9441167240132484, -1.0698882043806723, -1.1550773861838195, -1.212751993313848, -1.2511358428412114, -1.275667092820913, -1.2901023289380287, -1.2971256988921551], "GFRO F(M, 2) + Spin": [-1.0683920492712626, -0.46427711930713755, -0.7546462668855005, -0.9430281258056419, -2.093990210693935, -1.1541345409840453, -1.2118665142753238, -2.2301303978060614, -2.239279799638948, -1.2893149940714612, -1.2963496148992968], "LR: All Fock Space": [-2.0422380212513107, -2.6669770168516727, -3.112533053126238, -3.44874710428195, -3.710064445175997, -3.9159885708718347, -4.078859743195994, -4.207196888695503, -4.3073121511651165, -4.384166132010895, -4.4418342777932365], "GFRO: All Fock Space": [-2.0633495996634728, -2.6866082537864866, -3.130578273795788, -3.465204433657894, -3.725030504283696, -3.929644470436557, -4.09145151441785, -4.219012144899135, -4.318656197186836, -4.3953401947200526, -4.453117710521891]}