{"Exact": [3.561432494418346, 1.5489087461001327, 0.3119433567326304, -0.48927852045941256, -1.0267898933161703, -1.395889378326487, -1.6531169519401292, -1.833659936082524, -1.9601936448939299, -2.0478301649530586, -2.106996915095279, -2.145110647186214, -2.1675605441340484, -2.178313632880392, -2.1803166143238624, -2.175780432219576, -2.166387448634765, -2.153441031344381, -2.137970526843621, -2.1208025757864326, -2.102608480955425, -2.0839356356450685, -2.0652289632712892, -2.0468463498571574, -2.029070493591963, -2.0121185477377277, -1.9961503255188089, -1.981275527979965, -1.967560309920376, -1.9550334153019686, -1.9436920386881231, -1.9335074875049285, -1.9244306381367207, -1.9163971121610528, -1.9093320600426362, -1.9031544330389991, -1.8977806459898725, -1.8931275741774236, -1.8891148747139386, -1.885666666642703, -1.8827126374318472, -1.8801886640651673, -1.8780370449649055, -1.8762064369466938, -1.8746515824858974, -1.8733328998324121, -1.8722159944241157, -1.871271136357064, -1.8704727364209424, -1.8697988429001626, -1.8692306730952384, -1.8687521872148736, -1.8683497076851225, -1.868011583726499, -1.8677278989712194, -1.8674902186658466], "GFRO": [1.3047114036301126, -0.5212736924098387, -1.5551327823804053, -2.1728298643161734, -2.524028693933488, -2.7199128335694516, -2.864869885004879, -2.9200470276451984, -2.943495897796578, -2.9572236637883638, -2.9211969288086514, -2.8952624396836826, -2.8775676039853457, -2.8500776954514335, -2.822174382528047, -2.790965453420987, -2.7697304980656137, -2.7526618260639264, -2.7237731751550305, -2.6984826539275675, -2.6724832129593508, -2.642548473437295, -2.6266781825152936, -2.5899333861121483, -2.5584235642965067, -2.5368421986102465, -2.5159566705171197, -2.4951689970146314, -2.4747656676149705, -2.454177044221564, -2.4344638183816567, -2.4155007633824863, -2.395130558071703, -2.3792235291733386, -2.362012926437175, -2.3455380758599325, -2.3287724134647516, -2.3127453259035793, -2.2996630887429137, -2.286445553563819, -2.2736163106075304, -2.261828090367118, -2.250267961032703, -2.239244835440935, -2.22857233958781, -2.2184249979697013, -2.208809042791839, -2.199580747758447, -2.190721972437706, -2.18224914119699, -2.1740373456260706, -2.1662203169777245, -2.1586469982941137, -2.1513926227608065, -2.1444248436613345, -2.137747050540572], "Fluid GFRO": [2.9566413095749366, 1.0049759515713168, -0.3742875549792197, -1.0938269688819364, -1.4807846290471725, -1.8488850367021232, -2.1225235226551726, -2.3073157545727456, -2.3962084407429476, -2.5634555951662517, -2.61054333608488, -2.5833232684536105, -2.601040021304229, -2.606305191164163, -2.619879759564866, -2.6332595166017247, -2.6054453549011303, -2.5861783540249204, -2.5572311281049167, -2.525944939444534, -2.5003188494877855, -2.4750791712043587, -2.4634847515520577, -2.4224221183740533, -2.3882081990241915, -2.364721703955689, -2.340980135759001, -2.3170056502383045, -2.2945697521134005, -2.2695594971498467, -2.2477896487597975, -2.2291961498047494, -2.1999404257081947, -2.187727402909115, -2.166302724147391, -2.147225562350129, -2.1276438437743526, -2.1116224337703735, -2.0960600865870402, -2.0808024418115734, -2.065716851091051, -2.0520996571327528, -2.03903886480502, -2.0268883099034776, -2.0152716300167834, -2.004367471165102, -1.994188506978879, -1.9846802335478695, -1.9757699088271214, -1.9677392785539014, -1.959747446234822, -1.9524452319151862, -1.9456623880046637, -1.9392409571485332, -1.9332924523353163, -1.9274317368792175]}