{"No Partitioning": [0.15748213479836282, -0.3122699027007909, -0.6018037107656868, -0.789269392404413, -0.914149704627083, -0.9984155960160166, -1.0551597944706206], "LR F(M, 2)": [-0.02147759209771638, -0.4916209936416056, -0.7816218337719814, -0.9696165622599631, -1.0950673659703165, -1.1799179135800126, -1.237228507102313], "GFRO F(M, 2)": [0.006202302288825345, -0.46427711912939973, -0.7546462766257316, -0.9430281268267331, -1.06887682126208, -1.1541345391781848, -1.211866500717402], "LR F(M, 2) + Spin": [0.004871105701696354, -0.4655305387206654, -0.7558170910677204, -0.9441167240132495, -1.069888204380667, -1.1550773861838204, -1.2127519933138449], "GFRO F(M, 2) + Spin": [0.006202303577048207, -0.46427711764620794, -0.7546462765420536, -0.9430281268267331, -1.06887682126208, -1.1541345386288535, -1.2118665007174019], "LR: All Fock Space": [-2.0422380212513103, -2.666977016851673, -3.112533053126239, -3.4487471042819497, -3.7100644451759974, -3.915988570871835, -4.078859743195994], "GFRO: All Fock Space": [-2.063349609194826, -2.68660825441826, -3.1305782639577213, -3.4652044724516107, -3.7250304920673596, -3.9296444694293213, -4.091451530370953]}