{"No Partitioning": [0.15748213479836282, -0.32554108210808663], "LR F(M, 2)": [-0.02147759209771305, -0.5049081856552695], "GFRO F(M, 2)": [0.006202283535629016, -1.5414410613109895], "LR F(M, 2) + Spin": [0.004871105701699685, -0.4788278859693913], "GFRO F(M, 2) + Spin": [0.006202283535629016, -1.5414410613109895], "LR: All Fock Space": [-2.0422380212513107, -2.6860701083280834], "GFRO: All Fock Space": [-2.0633496172076478, -2.7056438562301595]}