{"No Partitioning": [0.15748213479836282, -0.3122699027007909, -0.6018037107656868, -0.789269392404413, -0.914149704627083, -0.9984155960160166, -1.0551597944706206, -1.0926299067451053, -1.1162860068695395, -1.129904784322913, -1.1361894540659216, -1.1371170673457298, -1.1341476666770944, -1.1283618784581098, -1.1205602812999866, -1.1113394177361489, -1.1011503302326184, -1.0903421765127619, -1.0791929449690756, -1.0679296589128588, -1.056740746305258, -1.0457831445498003, -1.0351862664342544, -1.0250543624687878, -1.015468249288245, -1.0064869318291225, -0.998149353471409, -0.9904763409366251, -0.9834727290331724], "LR F(M, 2)": [-0.02147759209771305, -0.4916209936416114, -0.7816218337719811, -0.969616562259962, -1.095067365970322, -1.1799179135800117, -1.2372285071023161, -1.2752117050079543, -1.2992926654717034, -1.313215541578117, -1.3196546561473594, -1.3205620067005979, -1.3173757948560405, -1.3111570034182465, -1.3026877835997865, -1.2925468103283386, -1.2811676032347898, -1.2688823440543084, -1.2559531094478038, -1.2425927867164188, -1.2289782433832634, -1.215258241816858, -1.2015581697367457, -1.1879830790144466, -1.1746199618329844, -1.1615397482675116, -1.1487992139710568, -1.1364428241836337, -1.1245044732988942], "GFRO F(M, 2)": [0.006202302650091696, -0.4642771211344807, -0.754646275795152, -0.9430281317411007, -1.068876819705471, -2.1644935022918195, -1.2118665037188792, -1.2509420701454186, -1.275819382560168, -1.2901521397410343, -1.2966483183984532, -1.2979229853480088, -2.199540447413917, -1.290072403134125, -2.1577744935421084, -1.2732872480276505, -1.262899235858221, -1.251641024457125, -1.2397611055243143, -1.227458819602964, -1.21489817818669, -1.202216222244156, -1.189528080643131, -1.1769302119199607, -1.1645027467810276, -1.1523114389871216, -1.1404094933901754, -1.1288392526703486, -1.1176337411172546], "LR F(M, 2) + Spin": [0.004871105701699685, -0.4655305387206712, -0.7558170910677202, -0.9441167240132484, -1.0698882043806723, -1.1550773861838195, -1.212751993313848, -1.2511358428412114, -1.275667092820913, -1.2901023289380287, -1.2971256988921551, -1.298694992628636, -1.2962495093040574, -1.2908466895415303, -1.2832611029558776, -1.2740607281685365, -1.2636663181913954, -1.252396228498992, -1.2404985328500986, -1.228172650815486, -1.215583049299409, -1.2028675205621997, -1.1901421282258933, -1.1775043373528393, -1.165035281398868, -1.15280167278449, -1.1408575670058945, -1.1292460260202435, -1.1180006575559962], "GFRO F(M, 2) + Spin": [0.006202303389481578, -0.46427711734807753, -0.754646275795152, -0.9430281288552373, -1.068876818764109, -2.1644935022918195, -1.2118665036723613, -1.2502952538835597, -1.274858883242779, -1.2893149965483632, -1.2963496112034218, -1.2979229850111027, -2.199540447413917, -1.2900724006572268, -2.1577744935421084, -1.2732872430419797, -1.2628992347961114, -1.2516410244571246, -1.239761104655954, -1.227458819053558, -1.2148981775598513, -1.202216222244156, -1.189528072849816, -1.1769302102060348, -1.1645027464299487, -1.1523114327237882, -1.1404094914365666, -1.1288392481543115, -1.1176337411172543], "LR: All Fock Space": [-2.0422380212513107, -2.6669770168516727, -3.112533053126238, -3.44874710428195, -3.710064445175997, -3.9159885708718347, -4.078859743195994, -4.207196888695503, -4.3073121511651165, -4.384166132010895, -4.4418342777932365, -4.483751429242201, -4.512831546880385, -4.531527553370584, -4.541872416364208, -4.5455222999446585, -4.543807569702652, -4.537788808762161, -4.5283119978468935, -4.516057660299364, -4.501581005596439, -4.4853424263116475, -4.467729356291443, -4.449071312590778, -4.429650082412279, -4.409706749493409, -4.389446825572007, -4.3690443243879695, -4.348645269263196], "GFRO: All Fock Space": [-2.063349613095202, -2.6866082583259643, -3.130578262434796, -3.4652044838367932, -3.7250304931262583, -3.929644462914368, -4.091451531993705, -4.219012126834399, -4.318656173781216, -4.395340198354944, -4.453117644267008, -4.4953882568163595, -4.525022716476457, -4.5444270036498935, -4.555587144254756, -4.560115033525824, -4.559301297866417, -4.554172231901739, -4.545545552270122, -4.534079362372735, -4.520312004594529, -4.504692107827539, -4.487599718293362, -4.469360735843615, -4.450417865965669, -4.431340833864182, -4.411786284187352, -4.391933867751015, -4.3719371948590595]}