{"No Partitioning": [-1.1011503302326184, -1.0903421765127619, -1.0791929449690747, -1.067929658912858, -1.0567407463052572, -1.0457831445498005, -1.0351862664342544, -1.025054362468788, -1.0154682492882454, -1.0064869318291219, -0.9981493534714092, -0.9981493534714092, -0.9904763409366251, -0.9834727290331728, -0.9771296161660871, -0.971426688458341, -0.9663345447803096, -0.9618169527925806, -0.9578329678685795, -0.9981493534714092, -0.9904763409366251, -0.9834727290331728, -0.9771296161660871, -0.971426688458341, -0.9663345447803096, -0.9618169527925806, -0.9578329678685795, -0.9543388539987265, -0.9512897588020879, -0.9486411121761855, -0.9463497373256127, -0.944374681119742, -0.9426777856962745, -0.9412240336932624, -0.9399817052005901, -0.9389223859872745, -0.9380208647377853, -0.9372549530096295, -0.9366052564161924, -0.9360549199556047, -0.9355893650259977, -0.9351960308474736, -0.9348641289302551, -0.9345844159367672, -0.9343489877473083, -0.9341510956709367, -0.933984984440132, -0.9338457507791554, -0.9337292208393838], "LR F(M, 2)": [-1.2811676032347898, -1.2688823440543084, -1.2559531094478071, -1.2425927867164182, -1.2289782433832632, -1.2152582418168587, -1.2015581697367463, -1.1879830790144454, -1.1746199618329842, -1.1615397482675123, -1.1487992139710577, -1.1487992139710577, -1.1364428241836344, -1.1245044732988934, -1.113009069072024, -1.101973927079442, -1.0914099648594207, -1.0813227060198942, -1.071713118484096, -1.1487992139710577, -1.1364428241836344, -1.1245044732988934, -1.113009069072024, -1.101973927079442, -1.0914099648594207, -1.0813227060198942, -1.071713118484096, -1.062578317541004, -1.053912164787906, -1.0457057902910958, -1.0379480592253971, -1.030625997462568, -1.0237251842295851, -1.0172301148009617, -1.0111245325909803, -1.0053917280252953, -1.0000148010214605, -0.9949768844762166, -0.9902613274634419, -0.9858518385131633, -0.9817325910427283, -0.9778882944979325, -0.9743042358750137, -0.9709662969598544, -0.9678609528358293, -0.9649752570265605, -0.9622968181392292, -0.9598137721561255, -0.9575147536870064], "GFRO F(M, 2)": [-1.2919297765118287, -1.2806715662066115, -1.2687916457780763, -1.2564893629273397, -1.2439287187825632, -1.2312467590037088, -1.2185586190220135, -1.205960754891913, -1.1935332880601917, -1.1941806619487076, -1.1404094942767973, -1.1404094942767973, -1.1288392544619008, -1.1176337358001942, -1.1068180370565528, -1.0964104661463014, -1.086423630199775, -1.0768651438071017, -1.0677384442728204, -1.1404094942767973, -1.1288392544619008, -1.1176337358001942, -1.1068180370565528, -1.0964104661463014, -1.086423630199775, -1.0768651438071017, -1.0677384442728204, -1.0590432800268161, -1.0507762164664904, -1.0429311326501305, -1.0354995913375231, -1.0284712278530816, -1.0218341318768196, -1.0155752088099799, -1.009680477785288, -1.0041353853013488, -0.9989250524677624, -0.9940345086823621, -1.5929043193018975, -0.985153646242074, -0.9811344470705746, -1.5683549548391214, -0.9738693673452127, -0.970597262869404, -1.547390144163839, -1.5411052921754158, -0.9620755054271002, -0.9596282952124133, -1.5241113321812572], "LR F(M, 2) + Spin": [-1.2636663181913954, -1.252396228498992, -1.2404985328501021, -1.2281726508154858, -1.2155830492994089, -1.2028675205622006, -1.1901421282258942, -1.1775043373528382, -1.1650352813988678, -1.1528016727844907, -1.1408575670058956, -1.1408575670058956, -1.1292460260202442, -1.1180006575559953, -1.1071469943097392, -1.0967036906070464, -1.0866835348204475, -1.0770942936334036, -1.0679394153282864, -1.1408575670058956, -1.1292460260202442, -1.1180006575559953, -1.1071469943097392, -1.0967036906070464, -1.0866835348204475, -1.0770942936334036, -1.0679394153282864, -1.0592186234144358, -1.0509284305087643, -1.0430625973540155, -1.0356125550504065, -1.0285678014868578, -1.021916276657644, -1.015644716687339, -1.0097389832325114, -1.004184363455395, -0.9989658357343921, -0.9940682973258173, -0.9894767519124156, -0.985176456975725, -0.9811530328822965, -0.9773925372350881, -0.9738815092615845, -0.9706069897281553, -0.967556522096703, -0.9647181404377856, -0.9620803490802137, -0.9596320982179509, -0.9573627588181474], "GFRO F(M, 2) + Spin": [-1.2919297750554661, -1.280671564619945, -1.2687916440949445, -1.2564893611293406, -1.243928716984564, -1.2312467572057098, -1.2185586171487672, -1.2059607525299048, -1.1935332856981835, -1.1813419770796705, -1.1404094920879588, -1.1404094920879588, -1.128839247319448, -1.117633734237781, -1.1068180331885367, -1.0964104618889914, -1.0864236182747538, -1.0768651378109058, -1.0677384412270747, -1.1404094920879588, -1.128839247319448, -1.117633734237781, -1.1068180331885367, -1.0964104618889914, -1.0864236182747538, -1.0768651378109058, -1.0677384412270747, -1.0590432775706056, -1.0507762141969716, -1.0429311259411225, -1.0354995871134276, -1.0284712157605131, -1.0218341250635623, -1.0155752067467276, -1.009680477785288, -1.0041353718968558, -0.9989250486993426, -0.9940345038143484, -1.5929043053061278, -0.9851536455062275, -0.9811344439218422, -1.5683549548391214, -0.9738693673452127, -0.9705972617343054, -0.9675487628193622, -0.9647119880122517, -0.9620754963779252, -0.9596282908143541, -0.9573597905273314], "LR: All Fock Space": [-4.543807569702652, -4.537788808762161, -4.528311997846895, -4.516057660299364, -4.501581005596439, -4.485342426311648, -4.467729356291443, -4.449071312590777, -4.4296500824122775, -4.4097067494934095, -4.389446825572008, -4.389446825572008, -4.36904432438797, -4.348645269263196, -4.3283708828729655, -4.308320558832191, -4.288574635848017, -4.269196962330492, -4.25023723295764, -4.389446825572008, -4.36904432438797, -4.348645269263196, -4.3283708828729655, -4.308320558832191, -4.288574635848017, -4.269196962330492, -4.25023723295764, -4.231733085072015, -4.21371195343131, -4.196192692079096, -4.179186979837278, -4.162700530591005, -4.146734131403949, -4.131284531211979, -4.116345201122039, -4.101906984853964, -4.087958655125337, -4.074487389155028, -4.0614791741608265, -4.0489191518397005, -4.036791909351359, -4.02508172322446, -4.013772761795716, -4.002849251193086, -3.992295609412746, -3.98209655265725, -3.9722371777589505, -3.9627030241833037, -3.953480118779982], "GFRO: All Fock Space": [-5.675401245173836, -5.733771876654667, -5.786713859350051, -5.833078604352017, -5.8752010806219905, -5.913512576649216, -5.948383874372671, -5.981334588392627, -6.010269320145834, -6.037511542190691, -4.411786288372424, -4.411786288372424, -4.391933869384584, -4.37193719710862, -4.351926398301123, -4.332010548207868, -4.312280042556436, -4.292808769099837, -4.273656338413899, -4.411786288372424, -4.391933869384584, -4.37193719710862, -4.351926398301123, -4.332010548207868, -4.312280042556436, -4.292808769099837, -4.273656338413899, -4.254869863101282, -4.2364858646099, -4.218531792452594, -4.201027430465391, -4.183986172302169, -4.167416039396124, -4.151320687034525, -4.135700119805986, -4.12055141562611, -4.10586929926891, -4.091646617506299, -4.077874769291873, -4.064543999654471, -4.051643719734046, -4.039162713957095, -4.027089323595096, -4.015411606748466, -4.004117464135158, -3.993194716950545, -3.982631173826548, -3.972414733437013, -3.96253342023395]}