{"No Partitioning": [0.15748213479836282, -0.3122699027007909], "LR F(M, 2)": [-0.02147759209771305, -0.4916209936416114], "GFRO F(M, 2)": [-1.0683920492712626, -0.46427711930713755], "LR F(M, 2) + Spin": [0.004871105701699685, -0.4655305387206712], "GFRO F(M, 2) + Spin": [-1.0683920492712626, -0.46427711930713755], "LR: All Fock Space": [-2.0422380212513107, -2.6669770168516727], "GFRO: All Fock Space": [-2.0633495996634728, -2.6866082537864866]}