{"No Partitioning": [0.15748213479836282, -0.3122699027007909, -0.6018037107656868, -0.789269392404413, -0.914149704627083, -0.9984155960160166, -1.0551597944706206, -1.0926299067451053, -1.1162860068695395, -1.129904784322913, -1.1361894540659216, -1.1371170673457298, -1.1341476666770944, -1.1283618784581098, -1.1205602812999866, -1.1113394177361489, -1.1011503302326184, -1.0903421765127619, -1.0791929449690756, -1.0679296589128588, -1.056740746305258, -1.0457831445498003, -1.0351862664342544, -1.0250543624687878, -1.015468249288245, -1.0064869318291225, -0.998149353471409, -0.9904763409366251, -0.9834727290331724, -0.9771296161660865, -0.9714266884583411, -0.9663345447803088, -0.961816952792581, -0.9578329678685776, -0.9543388539987276, -0.9512897588020877, -0.9486411121761853, -0.946349737325612, -0.9443746811197433, -0.9426777856962747, -0.9412240336932617, -0.9399817052005894, -0.9389223859872748, -0.9380208647377859, -0.937254953009629, -0.9366052564161926, -0.9360549199556065, -0.9355893650259977, -0.935196030847474, -0.9348641289302553, -0.9345844159367672, -0.9343489877473077, -0.9341510956709355, -0.9339849844401322, -0.933845750779156, -0.9337292208393846], "LR F(M, 2)": [-0.02147759209771305, -0.4916209936416114, -0.7816218337719811, -0.969616562259962, -1.095067365970322, -1.1799179135800117, -1.2372285071023161, -1.2752117050079543, -1.2992926654717034, -1.313215541578117, -1.3196546561473594, -1.3205620067005979, -1.3173757948560405, -1.3111570034182465, -1.3026877835997865, -1.2925468103283386, -1.2811676032347898, -1.2688823440543084, -1.2559531094478038, -1.2425927867164188, -1.2289782433832634, -1.215258241816858, -1.2015581697367457, -1.1879830790144466, -1.1746199618329844, -1.1615397482675116, -1.1487992139710568, -1.1364428241836337, -1.1245044732988942, -1.1130090690720236, -1.1019739270794433, -1.09140996485942, -1.0813227060198936, -1.0717131184840962, -1.0625783175410037, -1.0539121647879048, -1.0457057902910964, -1.0379480592253967, -1.0306259974625682, -1.0237251842295858, -1.0172301148009608, -1.0111245325909806, -1.0053917280252958, -1.0000148010214596, -0.994976884476216, -0.9902613274634428, -0.9858518385131644, -0.9817325910427281, -0.9778882944979344, -0.9743042358750129, -0.9709662969598553, -0.9678609528358282, -0.9649752570265608, -0.9622968181392297, -0.9598137721561267, -0.9575147536870063], "GFRO F(M, 2)": [0.006202302840575102, -0.4642771229097644, -0.7546462772716778, -0.9430281277932457, -1.0688768196054081, -1.1541345401436993, -1.2118665021384931, -1.2509420681756493, -1.275819373469002, -1.2901521392771989, -1.2966483192939435, -1.297922987542113, -1.295477185755211, -1.2900724028948576, -1.2824857341427103, -1.2732872506449693, -1.2628992371874932, -1.2516410236055562, -1.2397611062645664, -1.227458819820105, -1.2148981792318636, -1.2022162198050166, -1.1895280817671265, -1.1769302102922112, -1.164502745725232, -1.1523114398582808, -1.1404094944446093, -1.1288392511730505, -1.1176337362699427, -1.1068180349316992, -1.09641046510942, -1.086423625448103, -1.0768651458453689, -1.067738461204881, -1.0590432757871706, -1.0507762128994917, -1.0429311351162622, -1.0354995800914788, -1.0284712204648192, -1.0218341315573891, -1.0155752138598815, -1.0096804750438966, -1.0041353790434595, -0.9989250488986785, -0.9940345109624041, -0.9894489147930002, -0.9851536578412549, -0.9811344432823924, -0.9773774833650405, -0.9738693717821133, -0.9705972657288298, -0.9675487696229658, -0.9647119983086858, -0.9620755008926435, -0.9596282916616601, -0.9573597996177217], "LR F(M, 2) + Spin": [0.004871105701699685, -0.4655305387206712, -0.7558170910677202, -0.9441167240132484, -1.0698882043806723, -1.1550773861838195, -1.212751993313848, -1.2511358428412114, -1.275667092820913, -1.2901023289380287, -1.2971256988921551, -1.298694992628636, -1.2962495093040574, -1.2908466895415303, -1.2832611029558776, -1.2740607281685365, -1.2636663181913954, -1.252396228498992, -1.2404985328500986, -1.228172650815486, -1.215583049299409, -1.2028675205621997, -1.1901421282258933, -1.1775043373528393, -1.165035281398868, -1.15280167278449, -1.1408575670058945, -1.1292460260202435, -1.1180006575559962, -1.1071469943097387, -1.096703690607048, -1.0866835348204469, -1.0770942936334031, -1.0679394153282866, -1.0592186234144358, -1.0509284305087632, -1.0430625973540162, -1.035612555050406, -1.0285678014868578, -1.0219162766576448, -1.015644716687338, -1.0097389832325114, -1.0041843634553955, -0.9989658357343913, -0.9940682973258167, -0.9894767519124164, -0.9851764569757261, -0.9811530328822965, -0.9773925372350897, -0.9738815092615837, -0.9706069897281558, -0.9675565220967017, -0.9647181404377859, -0.9620803490802142, -0.9596320982179523, -0.9573627588181473], "GFRO F(M, 2) + Spin": [0.0062023038026990385, -0.4642771188460346, -0.7546462767544211, -0.9430281262334084, -1.0688768190324438, -1.1541345387545194, -1.211866501925663, -1.2502952534804344, -1.2748588882499539, -1.2893149961500538, -1.296349611774127, -1.2979229855562626, -1.2954771832847751, -1.2900724022685157, -1.282485733764026, -1.273287244753076, -1.2628992335534195, -1.2516410230723078, -1.2397611024962671, -1.227458819820105, -1.2148981761430433, -1.2022162145344404, -1.1895280811341549, -1.1769302101627188, -1.1645027448570189, -1.1523114350551658, -1.1404094941676963, -1.1288392498263424, -1.117633735256608, -1.1068180310144018, -1.0964104651094195, -1.0864236184271032, -1.0768651443233626, -1.0677384498541524, -1.059043275214578, -1.0507762124752462, -1.0429311351162622, -1.0354995800914788, -1.0284712185179585, -1.0218341231050707, -1.015575205864651, -1.009680474827951, -1.0041353763492387, -0.9989250454138838, -0.9940345109624041, -0.9894489110196886, -0.9851536505082906, -0.9811344402569794, -0.9773774716363038, -0.9738693665406829, -0.9705972657288293, -0.9675487674996782, -0.9647119927889962, -0.9620754876260007, -0.9596282909791208, -0.9573597996177217], "LR: All Fock Space": [-2.0422380212513107, -2.6669770168516727, -3.112533053126238, -3.44874710428195, -3.710064445175997, -3.9159885708718347, -4.078859743195994, -4.207196888695503, -4.3073121511651165, -4.384166132010895, -4.4418342777932365, -4.483751429242201, -4.512831546880385, -4.531527553370584, -4.541872416364208, -4.5455222999446585, -4.543807569702652, -4.537788808762161, -4.5283119978468935, -4.516057660299364, -4.501581005596439, -4.4853424263116475, -4.467729356291443, -4.449071312590778, -4.429650082412279, -4.409706749493409, -4.389446825572007, -4.3690443243879695, -4.348645269263196, -4.328370882872969, -4.308320558832191, -4.288574635848016, -4.269196962330492, -4.250237232957641, -4.231733085072017, -4.213711953431309, -4.196192692079097, -4.179186979837277, -4.162700530591004, -4.14673413140395, -4.131284531211977, -4.11634520112204, -4.101906984853964, -4.0879586551253375, -4.074487389155025, -4.0614791741608265, -4.0489191518397005, -4.036791909351359, -4.025081723224461, -4.0137727617957175, -4.002849251193086, -3.992295609412744, -3.982096552657251, -3.972237177758952, -3.962703024183304, -3.953480118779984],