{"No Partitioning": [0.15748213479836282, -0.3122699027007909, -0.6018037107656868, -0.789269392404413, -0.914149704627083, -0.9984155960160166, -1.0551597944706206], "LR F(M, 2)": [-0.02147759209771638, -0.4916209936416056, -0.7816218337719814, -0.9696165622599631, -1.0950673659703165, -1.1799179135800126, -1.237228507102313], "GFRO F(M, 2)": [0.006202302627112077, -0.46427711945036076, -0.7546462823486859, -0.9430281275396275, -1.0688768185515747, -1.154134539477913, -1.211866505005703], "LR F(M, 2) + Spin": [0.004871105701696354, -0.4655305387206654, -0.7558170910677204, -0.9441167240132495, -1.069888204380667, -1.1550773861838204, -1.2127519933138449], "GFRO F(M, 2) + Spin": [0.006202302627112299, -0.4642771194503603, -0.7546462758638113, -0.9430281272167631, -1.0688768182545536, -1.1541345373155656, -1.2118665028972786], "LR: All Fock Space": [-2.0422380212513103, -2.666977016851673, -3.112533053126239, -3.4487471042819497, -3.7100644451759974, -3.915988570871835, -4.078859743195994], "GFRO: All Fock Space": [-2.0633496139449123, -2.686608257842384, -3.13057826404074, -3.4652044760380725, -3.725030487877355, -3.9296444711315917, -4.091451518976566]}