{"No Partitioning": [0.15748213479836282, -0.3122699027007909, -0.6018037107656868, -0.789269392404413, -0.914149704627083, -0.9984155960160166, -1.0551597944706206, -1.0926299067451053, -1.1162860068695395, -1.129904784322913, -1.1361894540659216, -1.1371170673457298, -1.1341476666770944, -1.1283618784581098, -1.1205602812999866, -1.1113394177361489, -1.1011503302326184, -1.0903421765127619, -1.0791929449690756, -1.0679296589128588, -1.056740746305258, -1.0457831445498003, -1.0351862664342544, -1.0250543624687878, -1.015468249288245], "LR F(M, 2)": [-0.02147759209771305, -0.4916209936416114, -0.7816218337719811, -0.969616562259962, -1.095067365970322, -1.1799179135800117, -1.2372285071023161, -1.2752117050079543, -1.2992926654717034, -1.313215541578117, -1.3196546561473594, -1.3205620067005979, -1.3173757948560405, -1.3111570034182465, -1.3026877835997865, -1.2925468103283386, -1.2811676032347898, -1.2688823440543084, -1.2559531094478038, -1.2425927867164188, -1.2289782433832634, -1.215258241816858, -1.2015581697367457, -1.1879830790144466, -1.1746199618329844], "GFRO F(M, 2)": [0.006202283535629016, -1.528555259476118, -0.7546462988979294, -0.9430281466733432, -1.0688768379418898, -2.164493518952811, -2.2070658039662403, -1.2509420861851532, -2.2402402839635895, -1.2901521562240563, -1.2966483371473776, -1.29792300260092, -1.2954772006438828, -1.2900724208779586, -1.2824857554779294, -1.2732872541705482, -2.110586486392186, -1.2516410410752636, -1.239761115202211, -1.227458835747756, -1.214898196015024, -1.2022162372400795, -1.1895280949378007, -1.1769302293543915, -1.9157956308093684], "LR F(M, 2) + Spin": [0.004871105701699685, -0.4655305387206712, -0.7558170910677202, -0.9441167240132484, -1.0698882043806723, -1.1550773861838195, -1.212751993313848, -1.2511358428412114, -1.275667092820913, -1.2901023289380287, -1.2971256988921551, -1.298694992628636, -1.2962495093040574, -1.2908466895415303, -1.2832611029558776, -1.2740607281685365, -1.2636663181913954, -1.252396228498992, -1.2404985328500986, -1.228172650815486, -1.215583049299409, -1.2028675205621997, -1.1901421282258933, -1.1775043373528393, -1.165035281398868], "GFRO F(M, 2) + Spin": [0.006202283535629016, -1.528555259476118, -0.7546462983274511, -0.9430281462187047, -1.068876837907172, -2.164493518952811, -2.2070658039662403, -1.2502952741574085, -2.2392797986732944, -1.2893150176418497, -1.2963496382407074, -1.2979230023317294, -1.295477200396108, -1.2900724207536047, -1.282485755021734, -1.2732872540394713, -2.110586486392186, -1.2516410410231127, -1.2397611151620855, -1.2274588355304354, -1.2148981952010167, -1.2022162352485677, -1.189528094608334, -1.1769302284029792, -1.9157956308093684], "LR: All Fock Space": [-2.0422380212513107, -2.6669770168516727, -3.112533053126238, -3.44874710428195, -3.710064445175997, -3.9159885708718347, -4.078859743195994, -4.207196888695503, -4.3073121511651165, -4.384166132010895, -4.4418342777932365, -4.483751429242201, -4.512831546880385, -4.531527553370584, -4.541872416364208, -4.5455222999446585, -4.543807569702652, -4.537788808762161, -4.5283119978468935, -4.516057660299364, -4.501581005596439, -4.4853424263116475, -4.467729356291443, -4.449071312590778, -4.429650082412279], "GFRO: All Fock Space": [-2.0633496172076478, -2.686608263868508, -3.1305782715210713, -3.4652044779342517, -3.7250304928690867, -3.929644484219994, -4.091451525211817, -4.219012132633393, -4.318656175786784, -4.39534020429133, -4.453117659976092, -4.4953882547345145, -4.525022717599708, -4.544427014065691, -4.55558715084609, -4.560115029468323, -4.559301290507844, -4.5541722418316475, -4.54554555384477, -4.534079355877205, -4.520312011297962, -4.504692106280301, -4.487599711938821, -4.469360742852209, -4.450417867311087]}