{
  "Exact": [
    0.15748213479836282,
    -0.3122699027007909,
    -0.6018037107656868,
    -0.789269392404413,
    -0.914149704627083,
    -0.9984155960160166,
    -1.0551597944706206,
    -1.0926299067451053,
    -1.1162860068695395,
    -1.129904784322913,
    -1.1361894540659216,
    -1.1371170673457298,
    -1.1341476666770944,
    -1.1283618784581098,
    -1.1205602812999866,
    -1.1113394177361489,
    -1.1011503302326184,
    -1.0903421765127619,
    -1.0791929449690756,
    -1.0679296589128588,
    -1.056740746305258,
    -1.0457831445498003,
    -1.0351862664342544,
    -1.0250543624687878,
    -1.015468249288245,
    -1.0064869318291225,
    -0.998149353471409,
    -0.9904763409366251,
    -0.9834727290331724,
    -0.9771296161660865,
    -0.9714266884583411,
    -0.9663345447803088,
    -0.961816952792581,
    -0.9578329678685776,
    -0.9543388539987276,
    -0.9512897588020877,
    -0.9486411121761853,
    -0.946349737325612,
    -0.9443746811197433,
    -0.9426777856962747,
    -0.9412240336932617,
    -0.9399817052005894,
    -0.9389223859872748,
    -0.9380208647377859,
    -0.937254953009629,
    -0.9366052564161926,
    -0.9360549199556065,
    -0.9355893650259977,
    -0.935196030847474,
    -0.9348641289302553,
    -0.9345844159367672,
    -0.9343489877473077,
    -0.9341510956709355,
    -0.9339849844401322,
    -0.933845750779156,
    -0.9337292208393846
  ],
  "GFRO Fluid": [
    0.006202304611643283,
    -0.4642771195360331,
    -0.7546462768979347,
    -0.943028129944246,
    -1.0688768187437745,
    -1.1541345423900409,
    -1.2118665038422511,
    -1.2502952726372607,
    -1.2748589055155648,
    -1.2893150179913428,
    -1.2963495681770185,
    -1.2979229866006359,
    -1.2954771806098089,
    -1.2900724045383287,
    -1.2824857345967364,
    -1.2732872455079034,
    -1.2628992340230185,
    -1.2516410227317716,
    -1.2397611007079228,
    -1.2274588179010566,
    -1.2148981736776325,
    -1.20221621463315,
    -1.189528071838282,
    -1.1769301901506366,
    -1.1645027387615228,
    -1.152311432181476,
    -1.1404094884820577,
    -1.1288392489513077,
    -1.11763373746646,
    -1.1068179684627113,
    -1.0964104638200802,
    -1.086423601114682,
    -1.07686514284056,
    -1.0677383813591481,
    -1.0590432077446468,
    -1.0507762132588387,
    -1.0429311252304094,
    -1.0354995856356226,
    -1.0284712195214993,
    -1.0218341226238672,
    -1.0155751920668423,
    -1.0096804186857895,
    -1.0041353290205401,
    -0.9989250365686586,
    -0.9940345006888217,
    -0.9894489110876872,
    -0.9851536415506251,
    -0.9811344448929377,
    -0.9773774735871086,
    -0.9738693152935178,
    -0.9705972565309543,
    -0.9675487569093612,
    -0.9647119861627003,
    -0.9620754969002544,
    -0.9596282893121417,
    -0.9573597895536172
  ],
  "GFRO": [
    0.006202302066905752,
    -0.46427711974909336,
    -0.754646277892306,
    -0.9430281304091679,
    -1.0688768203659529,
    -1.154134544854675,
    -1.2118665058966263,
    -1.2509420657359216,
    -1.2758193709883738,
    -1.290152137063839,
    -1.296648315900007,
    -1.2979229893141784,
    -1.295477180799041,
    -1.2900724053507875,
    -1.2824857354555492,
    -1.273287245896594,
    -1.2628992369117327,
    -1.2516410230427886,
    -1.2397611008479001,
    -1.2274588196166902,
    -1.2148981741197347,
    -1.2022162156213971,
    -1.1895280721928487,
    -1.1769302071202363,
    -1.164502742508464,
    -1.1523114340188962,
    -1.1404094904162838,
    -1.1288392494054234,
    -1.1176337378346688,
    -1.1068180317426022,
    -1.0964104699192456,
    -1.0864236204474769,
    -1.0768651439737966,
    -1.0677384474088405,
    -1.0590432812203632,
    -1.0507762163477634,
    -1.0429311345012424,
    -1.0354995924108332,
    -1.028471219553726,
    -1.0218341231723842,
    -1.0155752135677292,
    -1.0096804887804478,
    -1.0041353741349333,
    -0.9989250369919981,
    -0.9940345070741097,
    -0.9894489113201395,
    -0.9851536420061956,
    -0.9811344470253005,
    -0.9773774739036236,
    -0.9738693671067253,
    -0.9705972565476431,
    -0.9675487569255882,
    -0.9647119867603059,
    -0.9620754972703427,
    -0.9596282896167206,
    -0.9573597897948357
  ]
}