{"Exact": [3.561432494418346, 1.5489087461001327, 0.3119433567326304, -0.48927852045941256, -1.0267898933161703, -1.3958893783264763, -1.6531169519401292, -1.833659936082524, -1.9601936448939299, -2.047830164953053, -2.106996915095279, -2.145110647186214, -2.1675605441340484, -2.1783136328804, -2.1803166143238513, -2.175780432219576, -2.166387448634765, -2.153441031344381, -2.1379705268436227, -2.1208025757864326, -2.102608480955425, -2.083935635645073, -2.0652289632712866, -2.046846349857156, -2.029070493591963, -2.0121185477377277, -1.996150325518809, -1.9812755279799636, -1.9675603099203733, -1.9550334153019686, -1.9436920386881238, -1.9335074875049312, -1.924430638136721, -1.9163971121610555, -1.9093320600426362, -1.903154433039, -1.8977806459898756, -1.8931275741774236, -1.8891148747139386, -1.885666666642703, -1.8827126374318472, -1.8801886640651673, -1.8780370449649055, -1.8762064369466938, -1.8746515824858974, -1.8733328998324121, -1.8722159944241157, -1.871271136357064, -1.8704727364209424, -1.8697988429001626, -1.8692306730952384, -1.8687521872148736, -1.8683497076851225, -1.868011583726499, -1.8677278989712194, -1.8674902186658442], "GFRO": [1.3163741594835114, -0.5212736210816411, -1.5594306276694248, -2.172848521895787, -2.524029701393915, -2.742127564114951, -2.8556460515020383, -2.9200470575525603, -2.943488579214238, -2.957223683153993, -2.923652251010881, -2.897600863848295, -2.877544410079631, -2.850070716583051, -2.818424775083294, -2.7864519277841358, -2.7700847004490052, -2.7525895655904664, -2.723846822699885, -2.698483204445737, -2.672483218148075, -2.6459794111342676, -2.623328121417344, -2.58993425267673, -2.558423476741228, -2.536836793791024, -2.5159565735042544, -2.495169039626207, -2.4747656745548348, -2.454174539415705, -2.4332583179213505, -2.4155010683131235, -2.396718424967882, -2.379025588726729, -2.3620129223172155, -2.3455380136599886, -2.328794702504685, -2.314328161403023, -2.299662821521617, -2.2864455661877634, -2.2737903406482207, -2.261750784888848, -2.250020250582209, -2.2390077793729333, -2.2286825894582813, -2.218425005447869, -2.208810272025466, -2.1995803950671005, -2.19072200146301, -2.1822115837935163, -2.1740417764585627, -2.1662202874000274, -2.15864700289348, -2.1513792088949364, -2.1444278945897497, -2.137746996280486], "Fluid GFRO": [2.9455422005084695, 1.0049637920604235, -0.3782498675042847, -1.093831093358431, -1.4807896930153968, -1.876086336009207, -2.1223617788599736, -2.3073148544914606, -2.396176117937644, -2.5634681527539196, -2.613384616150836, -2.586584040079535, -2.6009798292202864, -2.6063245264471457, -2.6084007748218467, -2.6256244035568623, -2.6110701431482832, -2.586190534488754, -2.557327178643562, -2.525972030809911, -2.5003261160631998, -2.476557589045986, -2.4600090263430836, -2.4224088000723474, -2.3881930449167506, -2.3647247967626557, -2.3409743252025184, -2.3170035912455536, -2.294538490742363, -2.2696233922467903, -2.2499027516472605, -2.2291717972297875, -2.2081058058818726, -2.188043703843118, -2.166302500773278, -2.147234192102883, -2.127756025391122, -2.1141229323959108, -2.0960884402479385, -2.08080343986235, -2.066233701504391, -2.0524128273509885, -2.0393587497169654, -2.0269620821111705, -2.0153681828124648, -2.0043072394979053, -1.9941922290654652, -1.9846817258286082, -1.975761456905284, -1.9676469981650495, -1.9597638963716346, -1.9524456870898212, -1.9456632960647327, -1.9392543839409697, -1.933293171994396, -1.9274304267865883]}