{"No Partitioning": [0.15748213479836282, -0.3122699027007909, -0.6018037107656868, -0.789269392404413, -0.914149704627083, -0.9984155960160166, -1.0551597944706206], "LR F(M, 2)": [-0.02147759209771638, -0.4916209936416056, -0.7816218337719814, -0.9696165622599631, -1.0950673659703165, -1.1799179135800126, -1.237228507102313], "GFRO F(M, 2)": [0.006202300431773722, -0.4642771253054796, -0.7546462790978818, -0.9430281290572002, -1.0688768178945915, -1.1541345404210488, -1.2118665083280713], "LR F(M, 2) + Spin": [0.004871105701696354, -0.4655305387206654, -0.7558170910677204, -0.9441167240132495, -1.069888204380667, -1.1550773861838204, -1.2127519933138449], "GFRO F(M, 2) + Spin": [0.0062023052969988335, -0.46427712127796217, -0.7546462790978816, -0.9430281262667413, -1.0688768173271639, -1.1541345395837284, -1.21186650330576], "LR: All Fock Space": [-2.0422380212513103, -2.666977016851673, -3.112533053126239, -3.4487471042819497, -3.7100644451759974, -3.915988570871835, -4.078859743195994], "GFRO: All Fock Space": [-2.0633496071879245, -2.6866082521532832, -3.130578262087618, -3.465204475734613, -3.725030487143646, -3.929644466391245, -4.091451524270075]}