{"No Partitioning": [0.15748213479836282, -0.3122699027007909, -0.6018037107656868, -0.789269392404413, -0.914149704627083, -0.9984155960160166, -1.0551597944706206, -1.0926299067451053, -1.1162860068695395, -1.129904784322913, -1.1361894540659216, -1.1371170673457298, -1.1341476666770944, -1.1283618784581098, -1.1205602812999866, -1.1113394177361489, -1.1011503302326184, -1.0903421765127619, -1.0791929449690756, -1.0679296589128588, -1.056740746305258, -1.0457831445498003, -1.0351862664342544, -1.0250543624687878, -1.015468249288245, -1.0064869318291225, -0.998149353471409, -0.9904763409366251, -0.9834727290331724, -0.9771296161660865, -0.9714266884583411, -0.9663345447803088, -0.961816952792581, -0.9578329678685776, -0.9543388539987276, -0.9512897588020877, -0.9486411121761853, -0.946349737325612, -0.9443746811197433, -0.9426777856962747, -0.9412240336932617, -0.9399817052005894, -0.9389223859872748, -0.9380208647377859, -0.937254953009629, -0.9366052564161926, -0.9360549199556065, -0.9355893650259977, -0.935196030847474, -0.9348641289302553, -0.9345844159367672, -0.9343489877473077, -0.9341510956709355, -0.9339849844401322, -0.933845750779156, -0.9337292208393846], "LR F(M, 2)": [-0.02147759209771305, -0.4916209936416114, -0.7816218337719811, -0.969616562259962, -1.095067365970322, -1.1799179135800117, -1.2372285071023161, -1.2752117050079543, -1.2992926654717034, -1.313215541578117, -1.3196546561473594, -1.3205620067005979, -1.3173757948560405, -1.3111570034182465, -1.3026877835997865, -1.2925468103283386, -1.2811676032347898, -1.2688823440543084, -1.2559531094478038, -1.2425927867164188, -1.2289782433832634, -1.215258241816858, -1.2015581697367457, -1.1879830790144466, -1.1746199618329844, -1.1615397482675116, -1.1487992139710568, -1.1364428241836337, -1.1245044732988942, -1.1130090690720236, -1.1019739270794433, -1.09140996485942, -1.0813227060198936, -1.0717131184840962, -1.0625783175410037, -1.0539121647879048, -1.0457057902910964, -1.0379480592253967, -1.0306259974625682, -1.0237251842295858, -1.0172301148009608, -1.0111245325909806, -1.0053917280252958, -1.0000148010214596, -0.994976884476216, -0.9902613274634428, -0.9858518385131644, -0.9817325910427281, -0.9778882944979344, -0.9743042358750129, -0.9709662969598553, -0.9678609528358282, -0.9649752570265608, -0.9622968181392297, -0.9598137721561267, -0.9575147536870063], "GFRO F(M, 2)": [0.006202298841358811, -0.46427711866078214, -0.7546462785477532, -0.9430281284564461, -1.0688768197219578, -1.1541345439864268, -1.2118665031436633, -1.2509420764933694, -1.2758193718190585, -1.2901521439705945, -1.296648323410161, -1.2979230024222297, -1.2954771830447298, -1.2900724033286006, -1.282485733748126, -1.273287245284405, -1.2628992331989861, -1.2516410244507423, -1.239761101261582, -1.2274588155605075, -1.214898182721802, -1.2022162176428342, -1.1895280848724459, -1.1769302245226478, -1.1645027438633995, -1.1523114380351607, -1.1404094994195102, -1.128839255857943, -1.1176337386003914, -1.1068180467727633, -1.096410466548032, -1.0864236235242017, -1.0768651442767856, -1.0677384492503843, -1.0590432768422475, -1.0507762139600512, -1.042931132611116, -1.0354995830672675, -1.0284712267843812, -1.0218341346212287, -1.0155752071311657, -1.009680477315284, -1.004135382370734, -0.9989250429169946, -0.9940344983147977, -0.9894489316412235, -0.9851536441787581, -0.9811344496270825, -0.9773774738368871, -0.9738693705764923, -0.9705972591281035, -0.9675487640738033, -0.9647119884978286, -0.9620754990146555, -0.9596282922700069, -0.9573597914096648], "LR F(M, 2) + Spin": [0.004871105701699685, -0.4655305387206712, -0.7558170910677202, -0.9441167240132484, -1.0698882043806723, -1.1550773861838195, -1.212751993313848, -1.2511358428412114, -1.275667092820913, -1.2901023289380287, -1.2971256988921551, -1.298694992628636, -1.2962495093040574, -1.2908466895415303, -1.2832611029558776, -1.2740607281685365, -1.2636663181913954, -1.252396228498992, -1.2404985328500986, -1.228172650815486, -1.215583049299409, -1.2028675205621997, -1.1901421282258933, -1.1775043373528393, -1.165035281398868, -1.15280167278449, -1.1408575670058945, -1.1292460260202435, -1.1180006575559962, -1.1071469943097387, -1.096703690607048, -1.0866835348204469, -1.0770942936334031, -1.0679394153282866, -1.0592186234144358, -1.0509284305087632, -1.0430625973540162, -1.035612555050406, -1.0285678014868578, -1.0219162766576448, -1.015644716687338, -1.0097389832325114, -1.0041843634553955, -0.9989658357343913, -0.9940682973258167, -0.9894767519124164, -0.9851764569757261, -0.9811530328822965, -0.9773925372350897, -0.9738815092615837, -0.9706069897281558, -0.9675565220967017, -0.9647181404377859, -0.9620803490802142, -0.9596320982179523, -0.9573627588181473], "GFRO F(M, 2) + Spin": [0.006202303014658739, -0.46427711575549635, -0.7546462785477532, -0.9430281269423682, -1.0688768178381296, -1.1541345392126976, -1.211866500003122, -1.2502952569119499, -1.2748588869743314, -1.2893149974405722, -1.2963496107798944, -1.297922984415339, -1.295477179868233, -1.2900724028272634, -1.2824857329083803, -1.2732872452844048, -1.2628992331989857, -1.251641020360433, -1.239761101175175, -1.2274588141906815, -1.21489817368266, -1.2022162176428337, -1.1895280709325953, -1.1769302120906269, -1.1645027430765043, -1.1523114380351607, -1.1404094868485648, -1.1288392504547777, -1.1176337344655214, -1.1068180301857464, -1.096410466083807, -1.0864236208299922, -1.0768651419156814, -1.0677384412742565, -1.059043276842247, -1.0507762123089974, -1.0429311259056624, -1.0354995828710136, -1.0284712199926063, -1.021834131166686, -1.015575206363537, -1.0096804748423063, -1.0041353781679017, -0.9989250429169941, -0.9940344980973023, -0.989448911573198, -0.9851536432635417, -0.9811344426360672, -0.9773774738368871, -0.9738693678517405, -0.9705972591281032, -0.9675487639878021, -0.9647119869597591, -0.962075497991765, -0.9596282922700069, -0.9573597889701796], "LR: All Fock Space": [-2.0422380212513107, -2.6669770168516727, -3.112533053126238, -3.44874710428195, -3.710064445175997, -3.9159885708718347, -4.078859743195994, -4.207196888695503, -4.3073121511651165, -4.384166132010895, -4.4418342777932365, -4.483751429242201, -4.512831546880385, -4.531527553370584, -4.541872416364208, -4.5455222999446585, -4.543807569702652, -4.537788808762161, -4.5283119978468935, -4.516057660299364, -4.501581005596439, -4.4853424263116475, -4.467729356291443, -4.449071312590778, -4.429650082412279, -4.409706749493409, -4.389446825572007, -4.3690443243879695, -4.348645269263196, -4.328370882872969, -4.308320558832191, -4.288574635848016, -4.269196962330492, -4.250237232957641, -4.231733085072017, -4.213711953431309, -4.196192692079097, -4.179186979837277, -4.162700530591004, -4.14673413140395, -4.131284531211977, -4.11634520112204, -4.101906984853964, -4.0879586551253375, -4.074487389155025, -4.0614791741608265, -4.0489191518397005, -4.036791909351359, -4.025081723224461, -4.0137727617957175, -4.002849251193086, -3.992295609412744, -3.982096552657251, -3.972237177758952, -3.962703024183304, -3.953480118779984],