{"No Partitioning": [0.15748213479836282, -0.3122699027007909, -0.6018037107656868, -0.789269392404413, -0.914149704627083, -0.9984155960160166, -1.0551597944706206, -1.0926299067451053, -1.1162860068695395, -1.129904784322913, -1.1361894540659216], "LR F(M, 2)": [-0.02147759209771305, -0.4916209936416114, -0.7816218337719811, -0.969616562259962, -1.095067365970322, -1.1799179135800117, -1.2372285071023161, -1.2752117050079543, -1.2992926654717034, -1.313215541578117, -1.3196546561473594], "GFRO F(M, 2)": [0.006202302650091696, -0.4642771211344807, -0.754646275795152, -0.9430281317411007, -1.068876819705471, -2.1644935022918195, -1.2118665037188792, -1.2509420701454186, -1.275819382560168, -1.2901521397410343, -1.2966483183984532], "LR F(M, 2) + Spin": [0.004871105701699685, -0.4655305387206712, -0.7558170910677202, -0.9441167240132484, -1.0698882043806723, -1.1550773861838195, -1.212751993313848, -1.2511358428412114, -1.275667092820913, -1.2901023289380287, -1.2971256988921551], "GFRO F(M, 2) + Spin": [0.006202303389481578, -0.46427711734807753, -0.754646275795152, -0.9430281288552373, -1.068876818764109, -2.1644935022918195, -1.2118665036723613, -1.2502952538835597, -1.274858883242779, -1.2893149965483632, -1.2963496112034218], "LR: All Fock Space": [-2.0422380212513107, -2.6669770168516727, -3.112533053126238, -3.44874710428195, -3.710064445175997, -3.9159885708718347, -4.078859743195994, -4.207196888695503, -4.3073121511651165, -4.384166132010895, -4.4418342777932365], "GFRO: All Fock Space": [-2.063349613095202, -2.6866082583259643, -3.130578262434796, -3.4652044838367932, -3.7250304931262583, -3.929644462914368, -4.091451531993705, -4.219012126834399, -4.318656173781216, -4.395340198354944, -4.453117644267008]}