{"Exact": [0.15748213479836348, -0.312269902700791, -0.6018037107656872, -0.7892693924044134, -0.9141497046270831, -0.9984155960160174, -1.055159794470624, -1.092629906745106, -1.1162860068695406, -1.129904784322913, -1.1361894540659225, -1.137117067345731, -1.1341476666770962, -1.128361878458111, -1.120560281299987, -1.11133941773615, -1.101150330232619, -1.0903421765127628, -1.0791929449690751, -1.0679296589128593, -1.056740746305257, -1.0457831445498011, -1.035186266434254, -1.0250543624687882, -1.015468249288245, -1.0064869318291219, -0.9981493534714101, -0.990476340936626, -0.9834727290331733, -0.9771296161660872, -0.9714266884583416, -0.9663345447803102, -0.9618169527925808, -0.9578329678685793, -0.9543388539987281, -0.9512897588020882, -0.9486411121761855, -0.9463497373256131, -0.9443746811197427, -0.942677785696275, -0.9412240336932622, -0.9399817052005897, -0.9389223859872746, -0.9380208647377859, -0.9372549530096288, -0.9366052564161933, -0.9360549199556064, -0.9355893650259988, -0.9351960308474743, -0.9348641289302558, -0.9345844159367684, -0.9343489877473081, -0.9341510956709368, -0.9339849844401331, -0.9338457507791571, -0.9337292208393857], "GFRO": [2.56962540134964e-09, 2.1308643738393584e-10, 9.944189915955803e-10, 4.461568892111245e-10, 1.6199472874234289e-09, 2.4632711426164633e-09, 2.05321559754168e-09, 0.0006468130843673148, 0.0009604848563788959, 0.0008371390061334694, 0.0002987046435969365, 2.6600996960723933e-09, 1.894537859925549e-10, 8.124518835472827e-10, 8.615299584846525e-10, 3.8869929497309386e-10, 2.888908001708046e-09, 3.1252045396001904e-10, 1.4014722715671724e-10, 1.7155386000666795e-09, 4.420817045769354e-10, 9.88250370426158e-10, 3.5415492760648704e-10, 2.8970981169607057e-10, 3.746887022870737e-09, 1.837425545048177e-09, 1.9344261747988867e-09, 4.5409387361416975e-10, 3.6810665626774153e-10, 2.3119330894161294e-09, 2.859052994352851e-10, 4.684967969126319e-10, 1.1221441553743716e-09, 2.3897022138896773e-09, 2.511798102844409e-09, 3.082169852675065e-09, 2.946832111661024e-09, 6.7606478193482644e-09, 3.1672886535716316e-11, 5.42643041612223e-10, 3.744525356452755e-09, 9.963103897447922e-09, 1.7748047476118245e-10, 4.1858039256936763e-10, 8.099740878009243e-10, 2.2696200474570105e-10, 4.3381420677945925e-10, 2.0680370749204258e-09, 3.0544189399961397e-10, 9.442713277962866e-11, 1.6670886893166426e-11, 1.6087464693725906e-11, 5.963430860234098e-10, 3.700029171938013e-10, 3.045778074195482e-10, 2.4112989382985006e-10], "LR": [0.027679895531349752, 0.02734387509756453, 0.02697555603233659, 0.026588435424159895, 0.026190547784217033, 0.02578337474811776, 0.025362004872491184, 0.024916451465558875, 0.024433779458350235, 0.02390054429874966, 0.023305045095680654, 0.022639021184698738, 0.021898613823390756, 0.021084601574882456, 0.020202048820479046, 0.019259565132735856, 0.018268370431373304, 0.017241321871509507, 0.016192007797982022, 0.015133968312381674, 0.014080068192340311, 0.013042026411829166, 0.012030094335435892, 0.011052868203801802, 0.010117218050478938, 0.009228313185750459, 0.008389723316973186, 0.007603574241040967, 0.006870737954333128, 0.0061910389873942595, 0.00556346160904031, 0.004986345942276538, 0.004457564613388643, 0.003974674965498082, 0.003535044835106582, 0.003135952253646268, 0.00277466113270064, 0.002448476051213344, 0.0021547797662206936, 0.0018910571330819081, 0.0016549088713331273, 0.001444058163568851, 0.001256352528758331, 0.0010897628458548247, 0.0009423808736255257, 0.0008124161538198837, 0.0006981928142567595, 0.0005981465105273642, 0.000510821553190266, 0.00043486815134996526, 0.0003690396463282841, 0.00031218959790813017, 0.0002632686020498376, 0.00022132075535929996, 0.00018547972187410444, 0.0001549644003381312]}