{"Exact": [3.561432494418346, 1.5489087461001327, 0.3119433567326304, -0.48927852045941256, -1.0267898933161703, -1.3958893783264763, -1.6531169519401292, -1.833659936082524, -1.9601936448939299, -2.047830164953053, -2.106996915095279, -2.145110647186214, -2.1675605441340484, -2.1783136328804, -2.1803166143238513, -2.175780432219576, -2.166387448634765, -2.153441031344381, -2.1379705268436227, -2.1208025757864326, -2.102608480955425, -2.083935635645073, -2.0652289632712866, -2.046846349857156, -2.029070493591963, -2.0121185477377277, -1.996150325518809, -1.9812755279799636, -1.9675603099203733, -1.9550334153019686, -1.9436920386881238, -1.9335074875049312, -1.924430638136721, -1.9163971121610555, -1.9093320600426362, -1.903154433039, -1.8977806459898756, -1.8931275741774236, -1.8891148747139386, -1.885666666642703, -1.8827126374318472, -1.8801886640651673, -1.8780370449649055, -1.8762064369466938, -1.8746515824858974, -1.8733328998324121, -1.8722159944241157, -1.871271136357064, -1.8704727364209424, -1.8697988429001626, -1.8692306730952384, -1.8687521872148736, -1.8683497076851225, -1.868011583726499, -1.8677278989712194, -1.8674902186658442], "LR": [0.9372718093166608, -0.9376825269046827, -2.044022439221797, -2.7178102809032483, -3.1333429851950836, -3.389755892943494, -3.545963210933826, -3.637678812874833, -3.68661075387297, -3.7068963075948553, -3.707763546757117, -3.693341202778113, -3.668083932534067, -3.6351985034212904, -3.597027406914743, -3.5553032870089205, -3.5113249133559017, -3.4660802726400792, -3.420331656001018, -3.3746733773188904, -3.329664213135797, -3.2858978339444764, -3.2432925162114636, -3.2020585866222415, -3.1623505369514073, -3.1242764736296595, -3.0879061377355397, -3.053277608960391, -3.020402810620782, -2.9892719862320316, -2.959857362437219, -2.9321162238427214, -2.905993600657804, -2.881424719801998, -2.858337308548693, -2.8366537807268473, -2.8162932897571857, -2.7971736062138834, -2.7792127707791034, -2.7623304825726707, -2.7464492015837783, -2.7314949656236744, -2.717397941546064, -2.7040927443280784, -2.6915185650267732, -2.679619150275767, -2.6683426733481905, -2.657641531569139, -2.647472098476836, -2.6377944526755073, -2.628572101438412, -2.619771699030122, -2.611362791863593, -2.603317566877576, -2.5956106284512295, -2.5882187616699692], "Fluid LR": [1.98768510943158, 0.07120135886758217, -1.071136640185053, -1.7758733627410366, -2.227011771592786, -2.515038780286282, -2.6983142367567354, -2.815166970279576, -2.8861430704832425, -2.925116248397029, -2.9422000836602398, -2.9439422060886926, -2.93450570603298, -2.9170376975047088, -2.8936373363400696, -2.866005837089036, -2.835380521047412, -2.8025774633862803, -2.768391918070402, -2.7333926722759787, -2.6979844897477645, -2.662619731682906, -2.6275913593944624, -2.5931969251189493, -2.559449640643719, -2.5266907440112734, -2.494990683623895, -2.4643813148020315, -2.4349468727714916, -2.406732230530523, -2.379763175937459, -2.3539822071591363, -2.3295689097707366, -2.306336983212164, -2.2843004459095826, -2.2635015416312734, -2.2438441585316005, -2.225307635348801, -2.2078828021498444, -2.191489380191582, -2.17622292947807, -2.1616882848455186, -2.1481728969571257, -2.1355397210478495, -2.123727411629912, -2.112699893288933, -2.102418515234109, -2.0928245334992894, -2.0838853570705855, -2.0755497929251447, -2.0677237920792244, -2.060552364179289, -2.0539269665168467, -2.0477468396496086, -2.041955243964002, -2.0366544084850497]}