{"Exact": [3.561432494418346, 1.5489087461001327, 0.3119433567326304, -0.48927852045941256, -1.0267898933161703, -1.395889378326487, -1.6531169519401292, -1.833659936082524, -1.9601936448939299, -2.0478301649530586, -2.106996915095279, -2.145110647186214, -2.1675605441340484, -2.178313632880392, -2.1803166143238624, -2.175780432219576, -2.166387448634765, -2.153441031344381, -2.137970526843621, -2.1208025757864326, -2.102608480955425, -2.0839356356450685, -2.0652289632712892, -2.0468463498571574, -2.029070493591963, -2.0121185477377277, -1.9961503255188089, -1.981275527979965, -1.967560309920376, -1.9550334153019686, -1.9436920386881231, -1.9335074875049285, -1.9244306381367207, -1.9163971121610528, -1.9093320600426362, -1.9031544330389991, -1.8977806459898725, -1.8931275741774236, -1.8891148747139386, -1.885666666642703, -1.8827126374318472, -1.8801886640651673, -1.8780370449649055, -1.8762064369466938, -1.8746515824858974, -1.8733328998324121, -1.8722159944241157, -1.871271136357064, -1.8704727364209424, -1.8697988429001626, -1.8692306730952384, -1.8687521872148736, -1.8683497076851225, -1.868011583726499, -1.8677278989712194, -1.8674902186658466], "LR": [0.9372718093166608, -0.9376825269046827, -2.044022439221797, -2.7178102809032483, -3.1333429851950836, -3.389755892943519, -3.545963210933826, -3.637678812874833, -3.68661075387297, -3.706896307594872, -3.707763546757117, -3.693341202778113, -3.668083932534067, -3.635198503421306, -3.597027406914755, -3.5553032870089205, -3.5113249133559017, -3.4660802726400792, -3.4203316560010095, -3.3746733773188904, -3.329664213135797, -3.2858978339444693, -3.243292516211454, -3.202058586622244, -3.1623505369514073, -3.1242764736296595, -3.087906137735538, -3.0532776089603932, -3.0204028106207845, -2.9892719862320316, -2.9598573624372153, -2.9321162238427037, -2.9059936006577893, -2.8814247198019842, -2.858337308548693, -2.836653780726855, -2.8162932897571626, -2.7971736062138834, -2.7792127707791034, -2.7623304825726707, -2.746449201583772, -2.7314949656236744, -2.717397941546064, -2.7040927443280784, -2.6915185650267732, -2.679619150275767, -2.6683426733481905, -2.657641531569139, -2.647472098476836, -2.6377944526755073, -2.628572101438412, -2.619771699030122, -2.611362791863593, -2.603317566877576, -2.5956106284512295, -2.5882187616699666], "Fluid LR": [1.98768510943158, 0.07120135886758217, -1.071136640185053, -1.7758733627410366, -2.227011771592786, -2.5150148316128944, -2.6983142367567354, -2.815166970279576, -2.8861430704832425, -2.925089676010222, -2.9422000836602398, -2.9439422060886926, -2.93450570603298, -2.9170245817014093, -2.8936373244126052, -2.866005837089036, -2.835380521047412, -2.8025774633862803, -2.768395074913776, -2.7333926722759787, -2.6979844897477645, -2.662621752833164, -2.627579537463516, -2.593131358186833, -2.559449640643719, -2.5266907440112734, -2.494994491795291, -2.4643803339802908, -2.4349469268806323, -2.406732230530523, -2.3797641534914575, -2.3540716927194847, -2.3295358380003295, -2.306335133666686, -2.2843004459095826, -2.263502420793592, -2.243845194400045, -2.225307635348801, -2.2078828021498444, -2.191489380191582, -2.1761073289052573, -2.1616882848455186, -2.1481728969571257, -2.1355397210478495, -2.123727411629912, -2.112699893288933, -2.102418515234109, -2.0928245334992894, -2.0838853570705855, -2.0755497929251447, -2.0677237920792244, -2.060552364179289, -2.0539269665168467, -2.0477468396496086, -2.041955243964002, -2.0366649791028264]}