{"Exact": [0.15748213479836337, -0.31226990270079114, -0.6018037107656873, -0.7892693924044127, -0.9141497046270831, -0.9984155960160173, -1.0551597944706241, -1.0926299067451062, -1.1162860068695406, -1.1299047843229129, -1.1361894540659225, -1.1371170673457311, -1.1341476666770964, -1.1283618784581109, -1.120560281299988, -1.1113394177361493, -1.101150330232619, -1.090342176512763, -1.0791929449690754, -1.0679296589128593, -1.0567407463052572, -1.0457831445498007, -1.035186266434254, -1.0250543624687882, -1.0154682492882452, -1.0064869318291216, -0.9981493534714098, -0.9904763409366257, -0.9834727290331733, -0.9771296161660874, -0.9714266884583416, -0.9663345447803104, -0.9618169527925812, -0.9578329678685793, -0.954338853998728, -0.9512897588020881, -0.9486411121761854, -0.9463497373256129, -0.9443746811197424, -0.9426777856962751, -0.9412240336932622, -0.9399817052005899, -0.9389223859872748, -0.9380208647377859, -0.9372549530096288, -0.9366052564161933, -0.9360549199556063, -0.9355893650259988, -0.9351960308474743, -0.9348641289302556, -0.9345844159367684, -0.9343489877473079, -0.9341510956709368, -0.9339849844401329, -0.933845750779157, -0.9337292208393855], "GFRO": [0.0062023045882273475, -0.4642771195321116, -0.7546462768979636, -0.9430281299266228, -1.0688768187453455, -1.1541345423830522, -1.211866503837681, -1.2509420651625038, -1.275819370153268, -1.2901521365441038, -1.2966483155145874, -1.2979229865965358, -1.2954771806097711, -1.2900724045382972, -1.2824857345951208, -1.2732872455078543, -1.26289923402241, -1.2516410227315748, -1.2397611007082099, -1.2274588179010981, -1.214898173677638, -1.2022162146331725, -1.1895280718383046, -1.1769302068321603, -1.1645027387615554, -1.1523114321814796, -1.1404094884824856, -1.1288392489513113, -1.1176337374664576, -1.1068180294258363, -1.0964104696327033, -1.0864236199766835, -1.0768651428405172, -1.0677384449856595, -1.0590432787013493, -1.0507762132588399, -1.0429311315473577, -1.0354995856356153, -1.0284712195214984, -1.0218341226238812, -1.0155752097524453, -1.0096804787199471, -1.0041353739534582, -0.99892503656867, -0.9940345062502844, -0.9894489110876873, -0.9851536415506216, -0.9811344448929247, -0.9773774735871066, -0.973869367012141, -0.970597256530963, -0.9675487569094082, -0.9647119861626983, -0.9620754969002538, -0.9596282893121418, -0.9573597895535839], "LR": [-0.02147759209771749, -0.49162099364161116, -0.7816218337719822, -0.9696165622599657, -1.0950673659703223, -1.179917913580015, -1.2372285071023157, -1.2752117050079559, -1.2992926654717056, -1.313215541578119, -1.319654656147362, -1.320562006700602, -1.317375794856043, -1.3111570034182503, -1.302687783599786, -1.2925468103283402, -1.2811676032347934, -1.268882344054312, -1.255953109447808, -1.24259278671642, -1.228978243383265, -1.2152582418168598, -1.2015581697367486, -1.1879830790144474, -1.1746199618329853, -1.161539748267514, -1.1487992139710594, -1.1364428241836348, -1.124504473298895, -1.1130090690720267, -1.1019739270794464, -1.0914099648594215, -1.0813227060198962, -1.071713118484098, -1.062578317541006, -1.0539121647879053, -1.0457057902910976, -1.0379480592253993, -1.0306259974625704, -1.023725184229586, -1.0172301148009621, -1.0111245325909808, -1.0053917280252969, -1.0000148010214613, -0.9949768844762172, -0.9902613274634426, -0.9858518385131649, -0.9817325910427295, -0.9778882944979357, -0.9743042358750154, -0.9709662969598565, -0.9678609528358297, -0.9649752570265613, -0.9622968181392308, -0.9598137721561272, -0.9575147536870081]}