{"No Partitioning": [0.15748213479836282, -0.3122699027007909, -0.6018037107656868, -0.789269392404413, -0.9141497046270826, -0.9984155960160166, -1.0551597944706224, -1.0926299067451066, -1.1162860068695393, -1.129904784322913, -1.1361894540659216, -1.1371170673457285, -1.1341476666770949, -1.1283618784581098, -1.1205602812999866, -1.1113394177361495, -1.1011503302326182, -1.0903421765127617, -1.0791929449690756, -1.0679296589128586, -1.056740746305257, -1.0457831445498003, -1.0351862664342542, -1.0250543624687887, -1.0154682492882459, -1.0064869318291207], "LR F(M, 2)": [-0.02147759209771305, -0.4916209936416114, -0.7816218337719811, -0.969616562259962, -1.0950673659703225, -1.1799179135800117, -1.2372285071023157, -1.2752117050079543, -1.2992926654717054, -1.313215541578117, -1.3196546561473594, -1.3205620067005999, -1.3173757948560427, -1.3111570034182465, -1.3026877835997865, -1.2925468103283397, -1.2811676032347905, -1.268882344054309, -1.2559531094478038, -1.2425927867164184, -1.228978243383264, -1.215258241816858, -1.2015581697367488, -1.187983079014446, -1.1746199618329844, -1.1615397482675118], "GFRO F(M, 2)": [0.006202302650091696, -0.46843855764911146, -0.7632711415718403, -0.9561330239190038, -1.0862114708595219, -1.1752225967874836, -1.2360625807123717, -1.2768502051280242, -1.3029850365885955, -1.3182443268546369, -1.3253801542409922, -1.3269535286116174, -1.3245077240804746, -1.3191029450022889, -1.311516278109289, -1.3023177886462256, -1.2628992329000994, -1.251641022137591, -1.2397611019689667, -1.2274588186974933, -1.214898175778004, -1.2022162167382662, -1.1895280767883067, -1.1769302097414254, -1.9157956281953274, -1.893283375302015], "LR F(M, 2) + Spin": [0.004871105701699685, -0.4655305387206712, -0.7558170910677202, -0.9441167240132484, -1.0698882043806728, -1.1550773861838195, -1.2127519933138466, -1.251135842841212, -1.275667092820915, -1.2901023289380287, -1.2971256988921551, -1.2986949926286369, -1.2962495093040591, -1.2908466895415303, -1.2832611029558776, -1.2740607281685377, -1.2636663181913963, -1.2523962284989925, -1.2404985328500986, -1.2281726508154858, -1.2155830492994095, -1.2028675205621997, -1.1901421282258962, -1.1775043373528389, -1.165035281398868, -1.1528016727844903], "GFRO F(M, 2) + Spin": [0.006202303389481578, -0.4684385569097216, -0.7632711408324504, -0.9561330229771612, -1.0862114699176793, -1.1752225957009999, -1.236062579625888, -1.2768502040415404, -1.3029850355021118, -1.3182443256364216, -1.325380153022777, -1.3269535273867252, -1.324507722713297, -1.3191029436242618, -1.3115162766554163, -1.302317787192353, -1.2628992329000994, -1.251641022137591, -1.239761101909528, -1.2274588186380546, -1.2148981757185653, -1.2022162165118542, -1.1895280764786365, -1.1769302096761558, -1.9157956281953274, -1.893283375302015], "LR: All Fock Space": [-2.0422380212513107, -2.6669770168516727, -3.112533053126238, -3.44874710428195, -3.710064445176001, -3.9159885708718347, -4.0788597431959985, -4.207196888695499, -4.30731215116512, -4.384166132010895, -4.4418342777932365, -4.483751429242206, -4.512831546880385, -4.531527553370584, -4.541872416364208, -4.545522299944655, -4.543807569702652, -4.53778880876216, -4.5283119978468935, -4.5160576602993645, -4.501581005596439, -4.4853424263116475, -4.4677293562914455, -4.449071312590781, -4.429650082412279, -4.409706749493407], "GFRO: All Fock Space": [-2.063349613095202, -2.7396314259323984, -3.244554714096805, -3.646279729428919, -3.9776272464979643, -4.256625707320777, -4.494351604750045, -4.69829949147256, -4.8739943010644335, -5.026748015081114, -5.15838140538445, -5.272984766913253, -5.374520261472617, -5.462859063219032, -5.542841730991604, -5.612711029736373, -4.559301283521075, -4.615812307687998, -4.666934435495651, -4.713299178146592, -4.75542165935269, -4.795233483183835, -4.831456760646466, -4.4693607248354725, -4.450417868449787, -4.431340838057172]}