{"Exact": [0.15748213479836348, -0.312269902700791, -0.6018037107656872, -0.7892693924044134, -0.9141497046270831, -0.9984155960160179, -1.055159794470624, -1.092629906745106, -1.1162860068695406, -1.1299047843229135, -1.1361894540659225, -1.137117067345731, -1.1341476666770962, -1.1283618784581115, -1.120560281299988, -1.11133941773615, -1.101150330232619, -1.0903421765127628, -1.0791929449690754, -1.0679296589128593, -1.056740746305257, -1.0457831445498007, -1.0351862664342542, -1.0250543624687884, -1.015468249288245, -1.0064869318291219, -0.9981493534714103, -0.9904763409366265, -0.9834727290331735, -0.9771296161660872, -0.9714266884583416, -0.9663345447803098, -0.9618169527925806, -0.9578329678685793, -0.9543388539987281, -0.9512897588020882, -0.9486411121761857, -0.9463497373256131, -0.9443746811197427, -0.942677785696275, -0.9412240336932622, -0.9399817052005897, -0.9389223859872746, -0.9380208647377859, -0.9372549530096288, -0.9366052564161933, -0.9360549199556064, -0.9355893650259988, -0.9351960308474743, -0.9348641289302558, -0.9345844159367684, -0.9343489877473081, -0.9341510956709368, -0.9339849844401331, -0.9338457507791571, -0.9337292208393848], "GFRO": [0.0062023042591596855, -0.46427712169199586, -0.7546462772796603, -0.94302812665641, -1.0688768181540107, -1.154134540809986, -1.21186650079643, -1.2509420672667417, -1.2758193713084813, -1.2901521376951701, -1.2966483155444468, -1.2979229853845067, -1.2954771812664245, -1.2900724037009381, -1.2824857328233432, -1.2732872480724267, -1.262899232171907, -1.251641026791814, -1.239761103151594, -1.2274588177134182, -1.2148981766743858, -1.20221622223787, -1.1895280777870447, -1.1769302113554265, -1.1645027441071565, -1.1523114363168294, -1.1404094918689194, -1.1288392502958275, -1.1176337342710663, -1.1068180322453625, -1.096410464863608, -1.0864236218027663, -1.0768651439239465, -1.0677384409788824, -1.059043275868156, -1.0507762156147253, -1.0429311321906325, -1.035499582766854, -1.0284712201615138, -1.021834125698814, -1.0155752060475103, -1.0096804751563002, -1.004135383650361, -0.998925048582801, -0.9940345036026409, -0.9894489121934839, -0.9851536454086676, -0.9811344433589979, -0.977377475172506, -0.9738693740014001, -0.9705972581831519, -0.9675487730349174, -0.964712006936714, -0.9620754980568994, -0.9596282970616522, -0.9573597959587271], "Fluid GFRO": [0.006202305226403526, -0.4642771201484608, -0.7546462769137248, -0.9430281261537434, -1.068876818126125, -1.1541345379297454, -1.2118665001499558, -1.250779841603538, -1.275580197838682, -1.289942716711487, -1.2965730805895936, -1.297922985263668, -1.2954771807868202, -1.290072403641159, -1.2824857327205215, -1.273287245626919, -1.2628992318043368, -1.251641022904374, -1.239761102872862, -1.2274588174511334, -1.2148981759910016, -1.20221621418262, -1.1895280774808774, -1.1769302109731121, -1.1645027441056404, -1.1523114344457723, -1.1404094911187872, -1.128839249997649, -1.1176337324772134, -1.1068180321531491, -1.096410464612068, -1.086423620295716, -1.07686514341155, -1.0677384405633648, -1.0590432755146506, -1.0507762150400657, -1.0429311300941995, -1.035499582432629, -1.0284712184222595, -1.0218341236404216, -1.015575205932271, -1.0096804751259185, -1.0041353786362335, -0.9989250352040463, -0.9940345032333402, -0.9894489116641326, -0.9851536448247092, -0.9811344433184946, -0.9773774743498274, -0.9738693740014229, -0.9705972580460654, -0.9675487708838626, -0.9647119957626804, -0.9620754964680293, -0.959628295183009, -0.9573597921171695]}