{"No Partitioning": [0.15748213479836282, -0.3122699027007909, -0.6018037107656868, -0.789269392404413, -0.914149704627083], "LR F(M, 2)": [-0.02147759209771638, -0.4916209936416056, -0.7816218337719814, -0.9696165622599631, -1.0950673659703165], "GFRO F(M, 2)": [0.006202303422466748, -0.46427712418743394, -0.7546462808967505, -0.9430281273258276, -1.0688768183218431], "LR F(M, 2) + Spin": [0.004871105701696354, -0.4655305387206654, -0.7558170910677204, -0.9441167240132495, -1.069888204380667], "GFRO F(M, 2) + Spin": [0.0062023090353091614, -0.46427711963035523, -0.7546462781914376, -0.943028126461716, -1.0688768155704969], "LR: All Fock Space": [-2.0422380212513103, -2.666977016851673, -3.112533053126239, -3.4487471042819497, -3.7100644451759974], "GFRO: All Fock Space": [-2.063349606114742, -2.6866082611906985, -3.1305782701357208, -3.46520447379931, -3.7250304876064972]}