{"Exact": [0.15748213479836348, -0.312269902700791, -0.6018037107656872, -0.7892693924044134, -0.9141497046270831, -0.9984155960160179, -1.055159794470624, -1.092629906745106, -1.1162860068695406, -1.1299047843229135, -1.1361894540659225, -1.137117067345731, -1.1341476666770962, -1.1283618784581115, -1.120560281299988, -1.11133941773615, -1.101150330232619, -1.0903421765127628, -1.0791929449690754, -1.0679296589128593, -1.056740746305257, -1.0457831445498007, -1.0351862664342542, -1.0250543624687884, -1.015468249288245, -1.0064869318291219, -0.9981493534714103, -0.9904763409366265, -0.9834727290331735, -0.9771296161660872, -0.9714266884583416, -0.9663345447803098, -0.9618169527925806, -0.9578329678685793, -0.9543388539987281, -0.9512897588020882, -0.9486411121761857, -0.9463497373256131, -0.9443746811197427, -0.942677785696275, -0.9412240336932622, -0.9399817052005897, -0.9389223859872746, -0.9380208647377859, -0.9372549530096288, -0.9366052564161933, -0.9360549199556064, -0.9355893650259988, -0.9351960308474743, -0.9348641289302558, -0.9345844159367684, -0.9343489877473081, -0.9341510956709368, -0.9339849844401331, -0.9338457507791571, -0.9337292208393848], "LR": [-0.021477592097717713, -0.49162099364161116, -0.7816218337719822, -0.9696165622599657, -1.095067365970322, -1.1799179135800175, -1.2372285071023157, -1.275211705007956, -1.2992926654717054, -1.31321554157812, -1.319654656147362, -1.320562006700602, -1.3173757948560427, -1.3111570034182503, -1.3026877835997879, -1.29254681032834, -1.2811676032347934, -1.268882344054312, -1.255953109447808, -1.24259278671642, -1.228978243383265, -1.2152582418168583, -1.20155816973675, -1.1879830790144483, -1.1746199618329853, -1.161539748267514, -1.148799213971059, -1.1364428241836353, -1.1245044732988942, -1.1130090690720265, -1.1019739270794453, -1.0914099648594215, -1.081322706019896, -1.0717131184840971, -1.0625783175410062, -1.0539121647879062, -1.0457057902910976, -1.0379480592253993, -1.0306259974625702, -1.023725184229586, -1.0172301148009617, -1.0111245325909812, -1.0053917280252969, -1.0000148010214613, -0.9949768844762172, -0.9902613274634426, -0.9858518385131648, -0.9817325910427295, -0.9778882944979356, -0.9743042358750154, -0.9709662969598567, -0.9678609528358297, -0.9649752570265613, -0.9622968181392307, -0.9598137721561273, -0.9575147536870077], "Fluid LR": [-0.014566862284568938, -0.4847733299969773, -0.774866181686375, -0.9629635156155232, -1.0885350022269402, -1.1734538351932013, -1.2308858060479555, -1.2689770065714523, -1.2931941901915525, -1.3072379149990514, -1.313831001254683, -1.3148916650517577, -1.3119028570640996, -1.305898856880518, -1.297629233998204, -1.2877243813678279, -1.2765926205736369, -1.2645717884441305, -1.2519038313812403, -1.238807617401095, -1.2254567521793458, -1.2120013412019146, -1.1985541502706178, -1.1852192041688563, -1.1720895554178261, -1.1592316496730872, -1.1467020444816738, -1.1345417035389083, -1.1227900870007312, -1.1114582566154758, -1.1005870814093794, -1.0901606227933796, -1.0802078041575232, -1.07071827147614, -1.0616924117864726, -1.0531320303755058, -1.0450154306834745, -1.0373368236940603, -1.0300768209530633, -1.0232527300679841, -1.01681573744884, -1.010767944760093, -1.0050773811009361, -0.9997424186521628, -0.9947410657358556, -0.9900577049048686, -0.9856770924391745, -0.9815828745001806, -0.9777602808823047, -0.974195802236045, -0.97087362840592, -0.9677832594606605, -0.9649098705918688, -0.9622413061770778, -0.9597672826303871, -0.9574760753895057]}