{"Exact": [0.15748213479836337, -0.31226990270079114, -0.6018037107656873, -0.7892693924044127, -0.9141497046270831, -0.9984155960160173, -1.0551597944706241, -1.0926299067451062, -1.1162860068695406, -1.1299047843229129, -1.1361894540659225, -1.1371170673457311, -1.1341476666770964, -1.1283618784581109, -1.120560281299988, -1.1113394177361493, -1.101150330232619, -1.090342176512763, -1.0791929449690754, -1.0679296589128593, -1.0567407463052572, -1.0457831445498007, -1.035186266434254, -1.0250543624687882, -1.0154682492882452, -1.0064869318291216, -0.9981493534714098, -0.9904763409366257, -0.9834727290331733, -0.9771296161660874, -0.9714266884583416, -0.9663345447803104, -0.9618169527925812, -0.9578329678685793, -0.954338853998728, -0.9512897588020881, -0.9486411121761854, -0.9463497373256129, -0.9443746811197424, -0.9426777856962751, -0.9412240336932622, -0.9399817052005899, -0.9389223859872748, -0.9380208647377859, -0.9372549530096288, -0.9366052564161933, -0.9360549199556063, -0.9355893650259988, -0.9351960308474743, -0.9348641289302556, -0.9345844159367684, -0.9343489877473079, -0.9341510956709368, -0.9339849844401329, -0.933845750779157, -0.9337292208393855], "GFRO": [0.006202302066905752, -0.4642771193228552, -0.754646275903462, -0.9430281304091679, -1.0688768203659529, -1.154134544854675, -1.2118665058966258, -1.2509420657359216, -1.2758193693176252, -1.2901521370388647, -1.2966483157605917, -1.2979229893141788, -1.2954771807990415, -1.2900724053507875, -1.2824857337324758, -1.2732872451192068, -1.2628992311338916, -1.251641023042789, -1.2397611008479001, -1.2274588196166902, -1.214898174119735, -1.2022162156213971, -1.1895280721928492, -1.1769302065442853, -1.164502742508464, -1.1523114340188958, -1.1404094904162838, -1.1288392494054238, -1.1176337378346688, -1.106818031742603, -1.096410469919246, -1.0864236195058758, -1.0768651417072972, -1.0677384425624832, -1.0590432812203627, -1.0507762163477625, -1.0429311345012433, -1.0354995924108337, -1.0284712194892782, -1.0218341220753395, -1.0155752059371623, -1.0096804887804482, -1.0041353741349337, -0.9989250361453238, -0.9940345070741097, -0.9894489113201392, -0.9851536420061956, -0.9811344470253001, -0.9773774739036236, -0.9738693671067256, -0.9705972565476431, -0.9675487568931254, -0.9647119867603055, -0.9620754972703429, -0.9596282890075487, -0.9573597893123387], "LR": [-0.021477592097717713, -0.49162099364161116, -0.7816218337719822, -0.9696165622599657, -1.095067365970322, -1.179917913580015, -1.2372285071023157, -1.275211705007956, -1.2992926654717054, -1.313215541578119, -1.319654656147362, -1.320562006700602, -1.3173757948560427, -1.3111570034182503, -1.302687783599786, -1.29254681032834, -1.2811676032347934, -1.268882344054312, -1.255953109447808, -1.24259278671642, -1.228978243383265, -1.2152582418168598, -1.2015581697367488, -1.1879830790144477, -1.1746199618329853, -1.161539748267514, -1.1487992139710594, -1.1364428241836348, -1.124504473298895, -1.1130090690720265, -1.1019739270794462, -1.0914099648594215, -1.0813227060198962, -1.071713118484098, -1.0625783175410062, -1.0539121647879057, -1.0457057902910978, -1.0379480592253993, -1.0306259974625702, -1.023725184229586, -1.0172301148009621, -1.0111245325909812, -1.0053917280252969, -1.0000148010214613, -0.9949768844762172, -0.9902613274634426, -0.9858518385131648, -0.9817325910427295, -0.9778882944979356, -0.9743042358750154, -0.9709662969598567, -0.9678609528358297, -0.9649752570265613, -0.9622968181392307, -0.9598137721561273, -0.9575147536870082]}