{"Exact": [0.15748213479836348, -0.9141497046270831, -1.1162860068695406, -1.1341476666770962, -1.101150330232619, -1.056740746305257, -1.015468249288245, -0.9834727290331735, -0.9618169527925806, -0.9486411121761857], "GFRO": [2.56962540134964e-09, 1.6199472874234289e-09, 0.0009604848563788959, 1.894537859925549e-10, 1.1384937437242115e-09, 4.420817045769354e-10, 3.746887022870737e-09, 4.5038863749624625e-09, 8.954827990237391e-10, 1.7599344204199951e-10], "LR": [0.027679895531349752, 0.026190547784217033, 0.024433779458350235, 0.021898613823390756, 0.018268370431373304, 0.014080068192340311, 0.010117218050478938, 0.006870737954346673, 0.004457564613381315, 0.002774661132686207]}